x,y,T
0,0,273.179
0.2,0,273.179
0.4,0,273.185
0.6,0,273.197
0.8,0,273.214
1,0,273.236
1.2,0,273.265
1.4,0,273.299
1.6,0,273.341
1.8,0,273.39
2,0,273.447
2.2,0,273.513
2.4,0,273.588
2.6,0,273.674
2.8,0,273.771
3,0,273.88
3.2,0,274.002
3.4,0,274.138
3.6,0,274.289
3.8,0,274.457
4,0,274.642
4.2,0,274.845
4.4,0,275.067
4.6,0,275.31
4.8,0,275.574
5,0,275.859
5.2,0,276.167
5.4,0,276.497
5.6,0,276.849
5.8,0,277.223
6,0,277.618
6.2,0,278.031
6.4,0,278.461
6.6,0,278.904
6.8,0,279.356
7,0,279.812
7.2,0,280.265
7.4,0,280.709
7.6,0,281.136
7.8,0,281.539
8,0,281.91
8.2,0,282.243
8.4,0,282.533
8.6,0,282.779
8.8,0,282.981
9,0,283.14
9.2,0,283.26
9.4,0,283.345
9.6,0,283.399
9.8,0,283.425
10,0,283.425

0,0.2,273.179
0.2,0.2,273.179
0.4,0.2,273.185
0.6,0.2,273.197
0.8,0.2,273.214
1,0.2,273.236
1.2,0.2,273.265
1.4,0.2,273.299
1.6,0.2,273.341
1.8,0.2,273.39
2,0.2,273.447
2.2,0.2,273.513
2.4,0.2,273.588
2.6,0.2,273.674
2.8,0.2,273.771
3,0.2,273.88
3.2,0.2,274.002
3.4,0.2,274.138
3.6,0.2,274.289
3.8,0.2,274.457
4,0.2,274.642
4.2,0.2,274.845
4.4,0.2,275.067
4.6,0.2,275.31
4.8,0.2,275.574
5,0.2,275.859
5.2,0.2,276.167
5.4,0.2,276.497
5.6,0.2,276.849
5.8,0.2,277.223
6,0.2,277.618
6.2,0.2,278.031
6.4,0.2,278.461
6.6,0.2,278.904
6.8,0.2,279.356
7,0.2,279.812
7.2,0.2,280.265
7.4,0.2,280.709
7.6,0.2,281.136
7.8,0.2,281.539
8,0.2,281.91
8.2,0.2,282.243
8.4,0.2,282.533
8.6,0.2,282.779
8.8,0.2,282.981
9,0.2,283.14
9.2,0.2,283.26
9.4,0.2,283.345
9.6,0.2,283.399
9.8,0.2,283.425
10,0.2,283.425

0,0.4,273.18
0.2,0.4,273.18
0.4,0.4,273.186
0.6,0.4,273.198
0.8,0.4,273.215
1,0.4,273.237
1.2,0.4,273.266
1.4,0.4,273.301
1.6,0.4,273.342
1.8,0.4,273.392
2,0.4,273.449
2.2,0.4,273.515
2.4,0.4,273.59
2.6,0.4,273.676
2.8,0.4,273.773
3,0.4,273.882
3.2,0.4,274.004
3.4,0.4,274.141
3.6,0.4,274.293
3.8,0.4,274.461
4,0.4,274.647
4.2,0.4,274.85
4.4,0.4,275.074
4.6,0.4,275.318
4.8,0.4,275.583
5,0.4,275.869
5.2,0.4,276.179
5.4,0.4,276.511
5.6,0.4,276.866
5.8,0.4,277.242
6,0.4,277.641
6.2,0.4,278.058
6.4,0.4,278.493
6.6,0.4,278.943
6.8,0.4,279.402
7,0.4,279.865
7.2,0.4,280.327
7.4,0.4,280.78
7.6,0.4,281.217
7.8,0.4,281.628
8,0.4,282.006
8.2,0.4,282.344
8.4,0.4,282.638
8.6,0.4,282.885
8.8,0.4,283.085
9,0.4,283.242
9.2,0.4,283.359
9.4,0.4,283.44
9.6,0.4,283.492
9.8,0.4,283.517
10,0.4,283.517

0,0.6,273.181
0.2,0.6,273.181
0.4,0.6,273.187
0.6,0.6,273.199
0.8,0.6,273.216
1,0.6,273.238
1.2,0.6,273.267
1.4,0.6,273.302
1.6,0.6,273.344
1.8,0.6,273.393
2,0.6,273.45
2.2,0.6,273.516
2.4,0.6,273.592
2.6,0.6,273.678
2.8,0.6,273.775
3,0.6,273.885
3.2,0.6,274.008
3.4,0.6,274.145
3.6,0.6,274.297
3.8,0.6,274.466
4,0.6,274.653
4.2,0.6,274.858
4.4,0.6,275.082
4.6,0.6,275.328
4.8,0.6,275.595
5,0.6,275.884
5.2,0.6,276.197
5.4,0.6,276.533
5.6,0.6,276.892
5.8,0.6,277.275
6,0.6,277.68
6.2,0.6,278.106
6.4,0.6,278.551
6.6,0.6,279.012
6.8,0.6,279.484
7,0.6,279.963
7.2,0.6,280.442
7.4,0.6,280.914
7.6,0.6,281.368
7.8,0.6,281.797
8,0.6,282.19
8.2,0.6,282.54
8.4,0.6,282.841
8.6,0.6,283.089
8.8,0.6,283.286
9,0.6,283.437
9.2,0.6,283.546
9.4,0.6,283.62
9.6,0.6,283.666
9.8,0.6,283.688
10,0.6,283.688

0,0.8,273.182
0.2,0.8,273.182
0.4,0.8,273.188
0.6,0.8,273.2
0.8,0.8,273.216
1,0.8,273.239
1.2,0.8,273.268
1.4,0.8,273.303
1.6,0.8,273.345
1.8,0.8,273.394
2,0.8,273.452
2.2,0.8,273.518
2.4,0.8,273.594
2.6,0.8,273.68
2.8,0.8,273.778
3,0.8,273.888
3.2,0.8,274.011
3.4,0.8,274.149
3.6,0.8,274.302
3.8,0.8,274.472
4,0.8,274.659
4.2,0.8,274.866
4.4,0.8,275.092
4.6,0.8,275.34
4.8,0.8,275.61
5,0.8,275.903
5.2,0.8,276.22
5.4,0.8,276.561
5.6,0.8,276.927
5.8,0.8,277.318
6,0.8,277.733
6.2,0.8,278.172
6.4,0.8,278.631
6.6,0.8,279.109
6.8,0.8,279.602
7,0.8,280.104
7.2,0.8,280.609
7.4,0.8,281.108
7.6,0.8,281.592
7.8,0.8,282.049
8,0.8,282.467
8.2,0.8,282.835
8.4,0.8,283.145
8.6,0.8,283.395
8.8,0.8,283.586
9,0.8,283.725
9.2,0.8,283.821
9.4,0.8,283.882
9.6,0.8,283.919
9.8,0.8,283.935
10,0.8,283.935

0,1,273.183
0.2,1,273.183
0.4,1,273.189
0.6,1,273.2
0.8,1,273.217
1,1,273.24
1.2,1,273.269
1.4,1,273.304
1.6,1,273.346
1.8,1,273.395
2,1,273.453
2.2,1,273.52
2.4,1,273.596
2.6,1,273.682
2.8,1,273.78
3,1,273.891
3.2,1,274.014
3.4,1,274.153
3.6,1,274.307
3.8,1,274.478
4,1,274.667
4.2,1,274.875
4.4,1,275.104
4.6,1,275.354
4.8,1,275.627
5,1,275.925
5.2,1,276.247
5.4,1,276.595
5.6,1,276.97
5.8,1,277.371
6,1,277.799
6.2,1,278.253
6.4,1,278.731
6.6,1,279.231
6.8,1,279.751
7,1,280.284
7.2,1,280.824
7.4,1,281.363
7.6,1,281.888
7.8,1,282.387
8,1,282.842
8.2,1,283.238
8.4,1,283.563
8.6,1,283.813
8.8,1,283.992
9,1,284.11
9.2,1,284.182
9.4,1,284.223
9.6,1,284.244
9.8,1,284.252
10,1,284.252

0,1.2,273.183
0.2,1.2,273.183
0.4,1.2,273.189
0.6,1.2,273.201
0.8,1.2,273.218
1,1.2,273.241
1.2,1.2,273.269
1.4,1.2,273.304
1.6,1.2,273.347
1.8,1.2,273.396
2,1.2,273.454
2.2,1.2,273.521
2.4,1.2,273.597
2.6,1.2,273.684
2.8,1.2,273.782
3,1.2,273.893
3.2,1.2,274.017
3.4,1.2,274.156
3.6,1.2,274.311
3.8,1.2,274.483
4,1.2,274.674
4.2,1.2,274.884
4.4,1.2,275.115
4.6,1.2,275.368
4.8,1.2,275.646
5,1.2,275.948
5.2,1.2,276.277
5.4,1.2,276.633
5.6,1.2,277.017
5.8,1.2,277.43
6,1.2,277.873
6.2,1.2,278.345
6.4,1.2,278.846
6.6,1.2,279.373
6.8,1.2,279.925
7,1.2,280.498
7.2,1.2,281.084
7.4,1.2,281.675
7.6,1.2,282.259
7.8,1.2,282.818
8,1.2,283.329
8.2,1.2,283.766
8.4,1.2,284.111
8.6,1.2,284.358
8.8,1.2,284.514
9,1.2,284.596
9.2,1.2,284.629
9.4,1.2,284.636
9.6,1.2,284.633
9.8,1.2,284.629
10,1.2,284.629

0,1.4,273.184
0.2,1.4,273.184
0.4,1.4,273.19
0.6,1.4,273.201
0.8,1.4,273.218
1,1.4,273.241
1.2,1.4,273.27
1.4,1.4,273.305
1.6,1.4,273.347
1.8,1.4,273.397
2,1.4,273.454
2.2,1.4,273.521
2.4,1.4,273.598
2.6,1.4,273.685
2.8,1.4,273.783
3,1.4,273.894
3.2,1.4,274.019
3.4,1.4,274.159
3.6,1.4,274.315
3.8,1.4,274.488
4,1.4,274.68
4.2,1.4,274.892
4.4,1.4,275.126
4.6,1.4,275.383
4.8,1.4,275.664
5,1.4,275.972
5.2,1.4,276.307
5.4,1.4,276.671
5.6,1.4,277.066
5.8,1.4,277.493
6,1.4,277.952
6.2,1.4,278.445
6.4,1.4,278.971
6.6,1.4,279.53
6.8,1.4,280.12
7,1.4,280.738
7.2,1.4,281.381
7.4,1.4,282.04
7.6,1.4,282.705
7.8,1.4,283.352
8,1.4,283.947
8.2,1.4,284.446
8.4,1.4,284.819
8.6,1.4,285.056
8.8,1.4,285.169
9,1.4,285.188
9.2,1.4,285.158
9.4,1.4,285.113
9.6,1.4,285.074
9.8,1.4,285.053
10,1.4,285.053

0,1.6,273.184
0.2,1.6,273.184
0.4,1.6,273.19
0.6,1.6,273.201
0.8,1.6,273.218
1,1.6,273.241
1.2,1.6,273.27
1.4,1.6,273.305
1.6,1.6,273.347
1.8,1.6,273.397
2,1.6,273.455
2.2,1.6,273.521
2.4,1.6,273.598
2.6,1.6,273.685
2.8,1.6,273.784
3,1.6,273.895
3.2,1.6,274.021
3.4,1.6,274.161
3.6,1.6,274.317
3.8,1.6,274.492
4,1.6,274.685
4.2,1.6,274.899
4.4,1.6,275.135
4.6,1.6,275.395
4.8,1.6,275.681
5,1.6,275.994
5.2,1.6,276.336
5.4,1.6,276.709
5.6,1.6,277.115
5.8,1.6,277.555
6,1.6,278.032
6.2,1.6,278.546
6.4,1.6,279.099
6.6,1.6,279.692
6.8,1.6,280.324
7,1.6,280.996
7.2,1.6,281.705
7.4,1.6,282.45
7.6,1.6,283.22
7.8,1.6,283.994
8,1.6,284.719
8.2,1.6,285.312
8.4,1.6,285.724
8.6,1.6,285.942
8.8,1.6,285.981
9,1.6,285.893
9.2,1.6,285.761
9.4,1.6,285.639
9.6,1.6,285.551
9.8,1.6,285.506
10,1.6,285.506

0,1.8,273.183
0.2,1.8,273.183
0.4,1.8,273.19
0.6,1.8,273.201
0.8,1.8,273.218
1,1.8,273.241
1.2,1.8,273.269
1.4,1.8,273.304
1.6,1.8,273.347
1.8,1.8,273.396
2,1.8,273.454
2.2,1.8,273.521
2.4,1.8,273.597
2.6,1.8,273.684
2.8,1.8,273.783
3,1.8,273.895
3.2,1.8,274.021
3.4,1.8,274.161
3.6,1.8,274.319
3.8,1.8,274.494
4,1.8,274.688
4.2,1.8,274.904
4.4,1.8,275.142
4.6,1.8,275.405
4.8,1.8,275.694
5,1.8,276.012
5.2,1.8,276.361
5.4,1.8,276.742
5.6,1.8,277.159
5.8,1.8,277.613
6,1.8,278.107
6.2,1.8,278.643
6.4,1.8,279.224
6.6,1.8,279.851
6.8,1.8,280.528
7,1.8,281.256
7.2,1.8,282.04
7.4,1.8,282.884
7.6,1.8,283.789
7.8,1.8,284.738
8,1.8,285.662
8.2,1.8,286.391
8.4,1.8,286.856
8.6,1.8,287.04
8.8,1.8,286.963
9,1.8,286.698
9.2,1.8,286.417
9.4,1.8,286.191
9.6,1.8,286.04
9.8,1.8,285.965
10,1.8,285.965

0,2,273.183
0.2,2,273.183
0.4,2,273.189
0.6,2,273.201
0.8,2,273.217
1,2,273.24
1.2,2,273.269
1.4,2,273.304
1.6,2,273.346
1.8,2,273.395
2,2,273.453
2.2,2,273.519
2.4,2,273.596
2.6,2,273.683
2.8,2,273.782
3,2,273.893
3.2,2,274.019
3.4,2,274.16
3.6,2,274.318
3.8,2,274.493
4,2,274.689
4.2,2,274.906
4.4,2,275.146
4.6,2,275.411
4.8,2,275.704
5,2,276.026
5.2,2,276.381
5.4,2,276.77
5.6,2,277.196
5.8,2,277.663
6,2,278.173
6.2,2,278.73
6.4,2,279.337
6.6,2,279.998
6.8,2,280.718
7,2,281.503
7.2,2,282.363
7.4,2,283.312
7.6,2,284.365
7.8,2,285.526
8,2,286.723
8.2,2,287.623
8.4,2,288.149
8.6,2,288.29
8.8,2,288.06
9,2,287.542
9.2,2,287.074
9.4,2,286.728
9.6,2,286.507
9.8,2,286.401
10,2,286.401

0,2.2,273.182
0.2,2.2,273.182
0.4,2.2,273.188
0.6,2.2,273.2
0.8,2.2,273.217
1,2.2,273.239
1.2,2.2,273.267
1.4,2.2,273.302
1.6,2.2,273.344
1.8,2.2,273.393
2,2.2,273.451
2.2,2.2,273.517
2.4,2.2,273.593
2.6,2.2,273.68
2.8,2.2,273.779
3,2.2,273.89
3.2,2.2,274.016
3.4,2.2,274.157
3.6,2.2,274.314
3.8,2.2,274.49
4,2.2,274.686
4.2,2.2,274.904
4.4,2.2,275.145
4.6,2.2,275.412
4.8,2.2,275.708
5,2.2,276.034
5.2,2.2,276.393
5.4,2.2,276.788
5.6,2.2,277.223
5.8,2.2,277.701
6,2.2,278.225
6.2,2.2,278.8
6.4,2.2,279.431
6.6,2.2,280.122
6.8,2.2,280.881
7,2.2,281.717
7.2,2.2,282.646
7.4,2.2,283.689
7.6,2.2,284.871
7.8,2.2,286.201
8,2.2,287.592
8.2,2.2,288.626
8.4,2.2,289.202
8.6,2.2,289.308
8.8,2.2,288.961
9,2.2,288.267
9.2,2.2,287.65
9.4,2.2,287.201
9.6,2.2,286.918
9.8,2.2,286.783
10,2.2,286.783

0,2.4,273.181
0.2,2.4,273.181
0.4,2.4,273.187
0.6,2.4,273.199
0.8,2.4,273.215
1,2.4,273.238
1.2,2.4,273.266
1.4,2.4,273.3
1.6,2.4,273.342
1.8,2.4,273.391
2,2.4,273.448
2.2,2.4,273.514
2.4,2.4,273.59
2.6,2.4,273.676
2.8,2.4,273.774
3,2.4,273.885
3.2,2.4,274.01
3.4,2.4,274.151
3.6,2.4,274.308
3.8,2.4,274.484
4,2.4,274.68
4.2,2.4,274.898
4.4,2.4,275.139
4.6,2.4,275.408
4.8,2.4,275.704
5,2.4,276.033
5.2,2.4,276.395
5.4,2.4,276.795
5.6,2.4,277.236
5.8,2.4,277.722
6,2.4,278.258
6.2,2.4,278.848
6.4,2.4,279.498
6.6,2.4,280.214
6.8,2.4,281.005
7,2.4,281.883
7.2,2.4,282.867
7.4,2.4,283.983
7.6,2.4,285.261
7.8,2.4,286.707
8,2.4,288.218
8.2,2.4,289.339
8.4,2.4,289.949
8.6,2.4,290.032
8.8,2.4,289.611
9,2.4,288.811
9.2,2.4,288.094
9.4,2.4,287.571
9.6,2.4,287.241
9.8,2.4,287.083
10,2.4,287.083

0,2.6,273.18
0.2,2.6,273.18
0.4,2.6,273.186
0.6,2.6,273.197
0.8,2.6,273.214
1,2.6,273.236
1.2,2.6,273.264
1.4,2.6,273.298
1.6,2.6,273.339
1.8,2.6,273.388
2,2.6,273.444
2.2,2.6,273.51
2.4,2.6,273.585
2.6,2.6,273.671
2.8,2.6,273.768
3,2.6,273.878
3.2,2.6,274.003
3.4,2.6,274.142
3.6,2.6,274.299
3.8,2.6,274.474
4,2.6,274.669
4.2,2.6,274.886
4.4,2.6,275.128
4.6,2.6,275.396
4.8,2.6,275.693
5,2.6,276.022
5.2,2.6,276.386
5.4,2.6,276.789
5.6,2.6,277.234
5.8,2.6,277.725
6,2.6,278.268
6.2,2.6,278.868
6.4,2.6,279.531
6.6,2.6,280.265
6.8,2.6,281.079
7,2.6,281.987
7.2,2.6,283.01
7.4,2.6,284.176
7.6,2.6,285.515
7.8,2.6,287.033
8,2.6,288.614
8.2,2.6,289.785
8.4,2.6,290.416
8.6,2.6,290.486
8.8,2.6,290.022
9,2.6,289.161
9.2,2.6,288.385
9.4,2.6,287.814
9.6,2.6,287.452
9.8,2.6,287.278
10,2.6,287.278

0,2.8,273.178
0.2,2.8,273.178
0.4,2.8,273.184
0.6,2.8,273.195
0.8,2.8,273.211
1,2.8,273.233
1.2,2.8,273.261
1.4,2.8,273.295
1.6,2.8,273.335
1.8,2.8,273.384
2,2.8,273.44
2.2,2.8,273.504
2.4,2.8,273.579
2.6,2.8,273.664
2.8,2.8,273.76
3,2.8,273.869
3.2,2.8,273.993
3.4,2.8,274.131
3.6,2.8,274.286
3.8,2.8,274.46
4,2.8,274.654
4.2,2.8,274.87
4.4,2.8,275.11
4.6,2.8,275.377
4.8,2.8,275.673
5,2.8,276.001
5.2,2.8,276.365
5.4,2.8,276.767
5.6,2.8,277.213
5.8,2.8,277.706
6,2.8,278.252
6.2,2.8,278.856
6.4,2.8,279.526
6.6,2.8,280.269
6.8,2.8,281.095
7,2.8,282.02
7.2,2.8,283.065
7.4,2.8,284.258
7.6,2.8,285.631
7.8,2.8,287.185
8,2.8,288.801
8.2,2.8,289.996
8.4,2.8,290.637
8.6,2.8,290.699
8.8,2.8,290.214
9,2.8,289.322
9.2,2.8,288.514
9.4,2.8,287.916
9.6,2.8,287.536
9.8,2.8,287.353
10,2.8,287.353

0,3,273.176
0.2,3,273.176
0.4,3,273.182
0.6,3,273.193
0.8,3,273.209
1,3,273.23
1.2,3,273.258
1.4,3,273.291
1.6,3,273.331
1.8,3,273.379
2,3,273.434
2.2,3,273.498
2.4,3,273.571
2.6,3,273.655
2.8,3,273.75
3,3,273.858
3.2,3,273.98
3.4,3,274.117
3.6,3,274.27
3.8,3,274.442
4,3,274.634
4.2,3,274.847
4.4,3,275.085
4.6,3,275.35
4.8,3,275.643
5,3,275.969
5.2,3,276.33
5.4,3,276.729
5.6,3,277.173
5.8,3,277.663
6,3,278.207
6.2,3,278.81
6.4,3,279.479
6.6,3,280.222
6.8,3,281.05
7,3,281.977
7.2,3,283.026
7.4,3,284.225
7.6,3,285.606
7.8,3,287.168
8,3,288.792
8.2,3,289.994
8.4,3,290.635
8.6,3,290.693
8.8,3,290.199
9,3,289.297
9.2,3,288.478
9.4,3,287.871
9.6,3,287.484
9.8,3,287.298
10,3,287.298

0,3.2,273.173
0.2,3.2,273.173
0.4,3.2,273.179
0.6,3.2,273.19
0.8,3.2,273.206
1,3.2,273.227
1.2,3.2,273.254
1.4,3.2,273.287
1.6,3.2,273.326
1.8,3.2,273.373
2,3.2,273.427
2.2,3.2,273.49
2.4,3.2,273.562
2.6,3.2,273.645
2.8,3.2,273.739
3,3.2,273.845
3.2,3.2,273.965
3.4,3.2,274.099
3.6,3.2,274.25
3.8,3.2,274.42
4,3.2,274.608
4.2,3.2,274.819
4.4,3.2,275.053
4.6,3.2,275.314
4.8,3.2,275.603
5,3.2,275.924
5.2,3.2,276.28
5.4,3.2,276.675
5.6,3.2,277.112
5.8,3.2,277.597
6,3.2,278.134
6.2,3.2,278.729
6.4,3.2,279.389
6.6,3.2,280.123
6.8,3.2,280.94
7,3.2,281.856
7.2,3.2,282.891
7.4,3.2,284.075
7.6,3.2,285.439
7.8,3.2,286.985
8,3.2,288.593
8.2,3.2,289.782
8.4,3.2,290.416
8.6,3.2,290.473
8.8,3.2,289.982
9,3.2,289.086
9.2,3.2,288.275
9.4,3.2,287.675
9.6,3.2,287.293
9.8,3.2,287.109
10,3.2,287.109

0,3.4,273.17
0.2,3.4,273.17
0.4,3.4,273.176
0.6,3.4,273.186
0.8,3.4,273.202
1,3.4,273.223
1.2,3.4,273.249
1.4,3.4,273.281
1.6,3.4,273.32
1.8,3.4,273.366
2,3.4,273.419
2.2,3.4,273.481
2.4,3.4,273.552
2.6,3.4,273.633
2.8,3.4,273.725
3,3.4,273.829
3.2,3.4,273.946
3.4,3.4,274.079
3.6,3.4,274.227
3.8,3.4,274.393
4,3.4,274.578
4.2,3.4,274.785
4.4,3.4,275.014
4.6,3.4,275.27
4.8,3.4,275.553
5,3.4,275.868
5.2,3.4,276.217
5.4,3.4,276.603
5.6,3.4,277.031
5.8,3.4,277.505
6,3.4,278.031
6.2,3.4,278.612
6.4,3.4,279.257
6.6,3.4,279.971
6.8,3.4,280.767
7,3.4,281.656
7.2,3.4,282.661
7.4,3.4,283.809
7.6,3.4,285.131
7.8,3.4,286.631
8,3.4,288.197
8.2,3.4,289.354
8.4,3.4,289.972
8.6,3.4,290.03
8.8,3.4,289.557
9,3.4,288.688
9.2,3.4,287.905
9.4,3.4,287.328
9.6,3.4,286.963
9.8,3.4,286.787
10,3.4,286.787

0,3.6,273.167
0.2,3.6,273.167
0.4,3.6,273.173
0.6,3.6,273.183
0.8,3.6,273.198
1,3.6,273.218
1.2,3.6,273.244
1.4,3.6,273.276
1.6,3.6,273.314
1.8,3.6,273.358
2,3.6,273.41
2.2,3.6,273.471
2.4,3.6,273.54
2.6,3.6,273.619
2.8,3.6,273.709
3,3.6,273.811
3.2,3.6,273.926
3.4,3.6,274.055
3.6,3.6,274.2
3.8,3.6,274.362
4,3.6,274.542
4.2,3.6,274.744
4.4,3.6,274.968
4.6,3.6,275.217
4.8,3.6,275.494
5,3.6,275.8
5.2,3.6,276.14
5.4,3.6,276.515
5.6,3.6,276.931
5.8,3.6,277.391
6,3.6,277.899
6.2,3.6,278.461
6.4,3.6,279.083
6.6,3.6,279.771
6.8,3.6,280.533
7,3.6,281.383
7.2,3.6,282.339
7.4,3.6,283.427
7.6,3.6,284.678
7.8,3.6,286.099
8,3.6,287.588
8.2,3.6,288.686
8.4,3.6,289.277
8.6,3.6,289.343
8.8,3.6,288.907
9,3.6,288.094
9.2,3.6,287.367
9.4,3.6,286.836
9.6,3.6,286.5
9.8,3.6,286.34
10,3.6,286.34

0,3.8,273.163
0.2,3.8,273.163
0.4,3.8,273.169
0.6,3.8,273.179
0.8,3.8,273.193
1,3.8,273.213
1.2,3.8,273.238
1.4,3.8,273.269
1.6,3.8,273.306
1.8,3.8,273.35
2,3.8,273.401
2.2,3.8,273.459
2.4,3.8,273.527
2.6,3.8,273.604
2.8,3.8,273.692
3,3.8,273.791
3.2,3.8,273.902
3.4,3.8,274.028
3.6,3.8,274.169
3.8,3.8,274.326
4,3.8,274.502
4.2,3.8,274.698
4.4,3.8,274.915
4.6,3.8,275.157
4.8,3.8,275.425
5,3.8,275.721
5.2,3.8,276.049
5.4,3.8,276.412
5.6,3.8,276.813
5.8,3.8,277.255
6,3.8,277.742
6.2,3.8,278.28
6.4,3.8,278.872
6.6,3.8,279.525
6.8,3.8,280.245
7,3.8,281.043
7.2,3.8,281.933
7.4,3.8,282.939
7.6,3.8,284.085
7.8,3.8,285.382
8,3.8,286.741
8.2,3.8,287.745
8.4,3.8,288.295
8.6,3.8,288.377
8.8,3.8,288.01
9,3.8,287.299
9.2,3.8,286.668
9.4,3.8,286.208
9.6,3.8,285.918
9.8,3.8,285.779
10,3.8,285.779

0,4,273.159
0.2,4,273.159
0.4,4,273.164
0.6,4,273.174
0.8,4,273.189
1,4,273.208
1.2,4,273.232
1.4,4,273.262
1.6,4,273.298
1.8,4,273.34
2,4,273.39
2.2,4,273.447
2.4,4,273.512
2.6,4,273.587
2.8,4,273.672
3,4,273.768
3.2,4,273.877
3.4,4,273.998
3.6,4,274.135
3.8,4,274.287
4,4,274.457
4.2,4,274.646
4.4,4,274.856
4.6,4,275.089
4.8,4,275.347
5,4,275.633
5.2,4,275.947
5.4,4,276.295
5.6,4,276.678
5.8,4,277.099
6,4,277.563
6.2,4,278.072
6.4,4,278.63
6.6,4,279.242
6.8,4,279.912
7,4,280.647
7.2,4,281.458
7.4,4,282.36
7.6,4,283.368
7.8,4,284.485
8,4,285.642
8.2,4,286.505
8.4,4,286.997
8.6,4,287.108
8.8,4,286.852
9,4,286.312
9.2,4,285.826
9.4,4,285.467
9.6,4,285.237
9.8,4,285.126
10,4,285.126

0,4.2,273.155
0.2,4.2,273.155
0.4,4.2,273.16
0.6,4.2,273.169
0.8,4.2,273.183
1,4.2,273.202
1.2,4.2,273.226
1.4,4.2,273.255
1.6,4.2,273.289
1.8,4.2,273.33
2,4.2,273.378
2.2,4.2,273.433
2.4,4.2,273.497
2.6,4.2,273.569
2.8,4.2,273.651
3,4.2,273.744
3.2,4.2,273.849
3.4,4.2,273.966
3.6,4.2,274.098
3.8,4.2,274.244
4,4.2,274.408
4.2,4.2,274.59
4.4,4.2,274.792
4.6,4.2,275.015
4.8,4.2,275.262
5,4.2,275.535
5.2,4.2,275.835
5.4,4.2,276.166
5.6,4.2,276.529
5.8,4.2,276.928
6,4.2,277.364
6.2,4.2,277.841
6.4,4.2,278.362
6.6,4.2,278.928
6.8,4.2,279.544
7,4.2,280.211
7.2,4.2,280.935
7.4,4.2,281.721
7.6,4.2,282.57
7.8,4.2,283.466
8,4.2,284.339
8.2,4.2,285.023
8.4,4.2,285.447
8.6,4.2,285.594
8.8,4.2,285.484
9,4.2,285.193
9.2,4.2,284.89
9.4,4.2,284.647
9.6,4.2,284.485
9.8,4.2,284.405
10,4.2,284.405

0,4.4,273.15
0.2,4.4,273.15
0.4,4.4,273.155
0.6,4.4,273.164
0.8,4.4,273.177
1,4.4,273.195
1.2,4.4,273.218
1.4,4.4,273.246
1.6,4.4,273.28
1.8,4.4,273.319
2,4.4,273.366
2.2,4.4,273.419
2.4,4.4,273.48
2.6,4.4,273.55
2.8,4.4,273.629
3,4.4,273.718
3.2,4.4,273.818
3.4,4.4,273.931
3.6,4.4,274.058
3.8,4.4,274.198
4,4.4,274.355
4.2,4.4,274.529
4.4,4.4,274.722
4.6,4.4,274.935
4.8,4.4,275.17
5,4.4,275.429
5.2,4.4,275.714
5.4,4.4,276.027
5.6,4.4,276.369
5.8,4.4,276.743
6,4.4,277.151
6.2,4.4,277.594
6.4,4.4,278.075
6.6,4.4,278.595
6.8,4.4,279.154
7,4.4,279.752
7.2,4.4,280.389
7.4,4.4,281.064
7.6,4.4,281.767
7.8,4.4,282.477
8,4.4,283.142
8.2,4.4,283.68
8.4,4.4,284.042
8.6,4.4,284.216
8.8,4.4,284.217
9,4.4,284.096
9.2,4.4,283.939
9.4,4.4,283.797
9.6,4.4,283.696
9.8,4.4,283.645
10,4.4,283.645

0,4.6,273.145
0.2,4.6,273.145
0.4,4.6,273.15
0.6,4.6,273.158
0.8,4.6,273.171
1,4.6,273.189
1.2,4.6,273.211
1.4,4.6,273.238
1.6,4.6,273.27
1.8,4.6,273.308
2,4.6,273.352
2.2,4.6,273.403
2.4,4.6,273.462
2.6,4.6,273.529
2.8,4.6,273.605
3,4.6,273.69
3.2,4.6,273.787
3.4,4.6,273.895
3.6,4.6,274.015
3.8,4.6,274.15
4,4.6,274.299
4.2,4.6,274.465
4.4,4.6,274.648
4.6,4.6,274.85
4.8,4.6,275.073
5,4.6,275.318
5.2,4.6,275.586
5.4,4.6,275.88
5.6,4.6,276.2
5.8,4.6,276.549
6,4.6,276.927
6.2,4.6,277.336
6.4,4.6,277.777
6.6,4.6,278.249
6.8,4.6,278.753
7,4.6,279.285
7.2,4.6,279.842
7.4,4.6,280.418
7.6,4.6,281.002
7.8,4.6,281.574
8,4.6,282.098
8.2,4.6,282.532
8.4,4.6,282.846
8.6,4.6,283.032
8.8,4.6,283.1
9,4.6,283.081
9.2,4.6,283.021
9.4,4.6,282.953
9.6,4.6,282.899
9.8,4.6,282.87
10,4.6,282.87

0,4.8,273.139
0.2,4.8,273.139
0.4,4.8,273.144
0.6,4.8,273.152
0.8,4.8,273.165
1,4.8,273.182
1.2,4.8,273.203
1.4,4.8,273.229
1.6,4.8,273.259
1.8,4.8,273.296
2,4.8,273.338
2.2,4.8,273.387
2.4,4.8,273.443
2.6,4.8,273.507
2.8,4.8,273.58
3,4.8,273.661
3.2,4.8,273.753
3.4,4.8,273.856
3.6,4.8,273.971
3.8,4.8,274.099
4,4.8,274.241
4.2,4.8,274.398
4.4,4.8,274.571
4.6,4.8,274.762
4.8,4.8,274.972
5,4.8,275.202
5.2,4.8,275.453
5.4,4.8,275.727
5.6,4.8,276.025
5.8,4.8,276.348
6,4.8,276.697
6.2,4.8,277.072
6.4,4.8,277.473
6.6,4.8,277.9
6.8,4.8,278.35
7,4.8,278.821
7.2,4.8,279.307
7.4,4.8,279.801
7.6,4.8,280.292
7.8,4.8,280.762
8,4.8,281.19
8.2,4.8,281.551
8.4,4.8,281.827
8.6,4.8,282.014
8.8,4.8,282.118
9,4.8,282.156
9.2,4.8,282.155
9.4,4.8,282.136
9.6,4.8,282.116
9.8,4.8,282.103
10,4.8,282.103

0,5,273.134
0.2,5,273.134
0.4,5,273.138
0.6,5,273.146
0.8,5,273.158
1,5,273.174
1.2,5,273.194
1.4,5,273.219
1.6,5,273.249
1.8,5,273.283
2,5,273.324
2.2,5,273.371
2.4,5,273.424
2.6,5,273.485
2.8,5,273.554
3,5,273.632
3.2,5,273.719
3.4,5,273.816
3.6,5,273.925
3.8,5,274.046
4,5,274.18
4.2,5,274.328
4.4,5,274.492
4.6,5,274.671
4.8,5,274.868
5,5,275.083
5.2,5,275.317
5.4,5,275.572
5.6,5,275.847
5.8,5,276.145
6,5,276.464
6.2,5,276.806
6.4,5,277.17
6.6,5,277.553
6.8,5,277.954
7,5,278.37
7.2,5,278.794
7.4,5,279.22
7.6,5,279.636
7.8,5,280.032
8,5,280.391
8.2,5,280.698
8.4,5,280.945
8.6,5,281.125
8.8,5,281.245
9,5,281.313
9.2,5,281.346
9.4,5,281.358
9.6,5,281.359
9.8,5,281.358
10,5,281.358

0,5.2,273.128
0.2,5.2,273.128
0.4,5.2,273.132
0.6,5.2,273.14
0.8,5.2,273.151
1,5.2,273.166
1.2,5.2,273.186
1.4,5.2,273.209
1.6,5.2,273.237
1.8,5.2,273.271
2,5.2,273.309
2.2,5.2,273.353
2.4,5.2,273.404
2.6,5.2,273.462
2.8,5.2,273.527
3,5.2,273.601
3.2,5.2,273.683
3.4,5.2,273.776
3.6,5.2,273.878
3.8,5.2,273.992
4,5.2,274.118
4.2,5.2,274.258
4.4,5.2,274.411
4.6,5.2,274.579
4.8,5.2,274.762
5,5.2,274.962
5.2,5.2,275.179
5.4,5.2,275.415
5.6,5.2,275.669
5.8,5.2,275.941
6,5.2,276.233
6.2,5.2,276.543
6.4,5.2,276.87
6.6,5.2,277.214
6.8,5.2,277.571
7,5.2,277.937
7.2,5.2,278.307
7.4,5.2,278.676
7.6,5.2,279.034
7.8,5.2,279.371
8,5.2,279.678
8.2,5.2,279.945
8.4,5.2,280.165
8.6,5.2,280.336
8.8,5.2,280.46
9,5.2,280.543
9.2,5.2,280.595
9.4,5.2,280.624
9.6,5.2,280.639
9.8,5.2,280.645
10,5.2,280.645

0,5.4,273.122
0.2,5.4,273.122
0.4,5.4,273.126
0.6,5.4,273.133
0.8,5.4,273.144
1,5.4,273.159
1.2,5.4,273.177
1.4,5.4,273.199
1.6,5.4,273.226
1.8,5.4,273.257
2,5.4,273.294
2.2,5.4,273.336
2.4,5.4,273.384
2.6,5.4,273.438
2.8,5.4,273.5
3,5.4,273.57
3.2,5.4,273.647
3.4,5.4,273.734
3.6,5.4,273.831
3.8,5.4,273.938
4,5.4,274.056
4.2,5.4,274.186
4.4,5.4,274.329
4.6,5.4,274.485
4.8,5.4,274.656
5,5.4,274.841
5.2,5.4,275.042
5.4,5.4,275.258
5.6,5.4,275.491
5.8,5.4,275.74
6,5.4,276.005
6.2,5.4,276.285
6.4,5.4,276.579
6.6,5.4,276.886
6.8,5.4,277.203
7,5.4,277.525
7.2,5.4,277.85
7.4,5.4,278.17
7.6,5.4,278.48
7.8,5.4,278.771
8,5.4,279.037
8.2,5.4,279.271
8.4,5.4,279.469
8.6,5.4,279.628
8.8,5.4,279.75
9,5.4,279.838
9.2,5.4,279.899
9.4,5.4,279.938
9.6,5.4,279.961
9.8,5.4,279.971
10,5.4,279.971

0,5.6,273.116
0.2,5.6,273.116
0.4,5.6,273.12
0.6,5.6,273.127
0.8,5.6,273.137
1,5.6,273.151
1.2,5.6,273.168
1.4,5.6,273.189
1.6,5.6,273.214
1.8,5.6,273.244
2,5.6,273.278
2.2,5.6,273.318
2.4,5.6,273.363
2.6,5.6,273.415
2.8,5.6,273.473
3,5.6,273.538
3.2,5.6,273.611
3.4,5.6,273.692
3.6,5.6,273.783
3.8,5.6,273.883
4,5.6,273.993
4.2,5.6,274.115
4.4,5.6,274.247
4.6,5.6,274.392
4.8,5.6,274.55
5,5.6,274.721
5.2,5.6,274.906
5.4,5.6,275.104
5.6,5.6,275.317
5.8,5.6,275.543
6,5.6,275.783
6.2,5.6,276.035
6.4,5.6,276.299
6.6,5.6,276.573
6.8,5.6,276.853
7,5.6,277.138
7.2,5.6,277.422
7.4,5.6,277.701
7.6,5.6,277.971
7.8,5.6,278.225
8,5.6,278.457
8.2,5.6,278.663
8.4,5.6,278.841
8.6,5.6,278.987
8.8,5.6,279.103
9,5.6,279.192
9.2,5.6,279.256
9.4,5.6,279.3
9.6,5.6,279.327
9.8,5.6,279.339
10,5.6,279.339

0,5.8,273.11
0.2,5.8,273.11
0.4,5.8,273.114
0.6,5.8,273.12
0.8,5.8,273.13
1,5.8,273.143
1.2,5.8,273.159
1.4,5.8,273.179
1.6,5.8,273.203
1.8,5.8,273.231
2,5.8,273.263
2.2,5.8,273.3
2.4,5.8,273.343
2.6,5.8,273.391
2.8,5.8,273.446
3,5.8,273.507
3.2,5.8,273.575
3.4,5.8,273.651
3.6,5.8,273.735
3.8,5.8,273.828
4,5.8,273.931
4.2,5.8,274.044
4.4,5.8,274.167
4.6,5.8,274.301
4.8,5.8,274.446
5,5.8,274.603
5.2,5.8,274.772
5.4,5.8,274.954
5.6,5.8,275.147
5.8,5.8,275.352
6,5.8,275.569
6.2,5.8,275.796
6.4,5.8,276.032
6.6,5.8,276.275
6.8,5.8,276.524
7,5.8,276.774
7.2,5.8,277.024
7.4,5.8,277.269
7.6,5.8,277.504
7.8,5.8,277.726
8,5.8,277.93
8.2,5.8,278.113
8.4,5.8,278.272
8.6,5.8,278.406
8.8,5.8,278.515
9,5.8,278.6
9.2,5.8,278.664
9.4,5.8,278.709
9.6,5.8,278.738
9.8,5.8,278.751
10,5.8,278.751

0,6,273.104
0.2,6,273.104
0.4,6,273.107
0.6,6,273.113
0.8,6,273.123
1,6,273.135
1.2,6,273.15
1.4,6,273.169
1.6,6,273.191
1.8,6,273.217
2,6,273.248
2.2,6,273.283
2.4,6,273.322
2.6,6,273.368
2.8,6,273.418
3,6,273.475
3.2,6,273.539
3.4,6,273.61
3.6,6,273.688
3.8,6,273.775
4,6,273.87
4.2,6,273.974
4.4,6,274.087
4.6,6,274.211
4.8,6,274.344
5,6,274.488
5.2,6,274.643
5.4,6,274.808
5.6,6,274.984
5.8,6,275.169
6,6,275.364
6.2,6,275.568
6.4,6,275.778
6.6,6,275.995
6.8,6,276.215
7,6,276.436
7.2,6,276.656
7.4,6,276.871
7.6,6,277.077
7.8,6,277.272
8,6,277.451
8.2,6,277.613
8.4,6,277.756
8.6,6,277.877
8.8,6,277.978
9,6,278.059
9.2,6,278.121
9.4,6,278.165
9.6,6,278.194
9.8,6,278.208
10,6,278.208

0,6.2,273.098
0.2,6.2,273.098
0.4,6.2,273.101
0.6,6.2,273.107
0.8,6.2,273.115
1,6.2,273.127
1.2,6.2,273.141
1.4,6.2,273.159
1.6,6.2,273.18
1.8,6.2,273.204
2,6.2,273.232
2.2,6.2,273.265
2.4,6.2,273.302
2.6,6.2,273.344
2.8,6.2,273.392
3,6.2,273.445
3.2,6.2,273.504
3.4,6.2,273.57
3.6,6.2,273.642
3.8,6.2,273.722
4,6.2,273.81
4.2,6.2,273.906
4.4,6.2,274.01
4.6,6.2,274.124
4.8,6.2,274.246
5,6.2,274.377
5.2,6.2,274.518
5.4,6.2,274.668
5.6,6.2,274.827
5.8,6.2,274.994
6,6.2,275.169
6.2,6.2,275.352
6.4,6.2,275.54
6.6,6.2,275.732
6.8,6.2,275.927
7,6.2,276.123
7.2,6.2,276.316
7.4,6.2,276.505
7.6,6.2,276.686
7.8,6.2,276.858
8,6.2,277.016
8.2,6.2,277.16
8.4,6.2,277.287
8.6,6.2,277.397
8.8,6.2,277.49
9,6.2,277.565
9.2,6.2,277.623
9.4,6.2,277.665
9.6,6.2,277.693
9.8,6.2,277.707
10,6.2,277.707

0,6.4,273.092
0.2,6.4,273.092
0.4,6.4,273.095
0.6,6.4,273.1
0.8,6.4,273.108
1,6.4,273.119
1.2,6.4,273.132
1.4,6.4,273.149
1.6,6.4,273.168
1.8,6.4,273.191
2,6.4,273.218
2.2,6.4,273.248
2.4,6.4,273.283
2.6,6.4,273.322
2.8,6.4,273.366
3,6.4,273.415
3.2,6.4,273.47
3.4,6.4,273.53
3.6,6.4,273.597
3.8,6.4,273.671
4,6.4,273.752
4.2,6.4,273.84
4.4,6.4,273.936
4.6,6.4,274.039
4.8,6.4,274.151
5,6.4,274.271
5.2,6.4,274.399
5.4,6.4,274.534
5.6,6.4,274.678
5.8,6.4,274.829
6,6.4,274.986
6.2,6.4,275.149
6.4,6.4,275.317
6.6,6.4,275.488
6.8,6.4,275.66
7,6.4,275.833
7.2,6.4,276.003
7.4,6.4,276.17
7.6,6.4,276.329
7.8,6.4,276.48
8,6.4,276.621
8.2,6.4,276.748
8.4,6.4,276.862
8.6,6.4,276.961
8.8,6.4,277.045
9,6.4,277.114
9.2,6.4,277.168
9.4,6.4,277.208
9.6,6.4,277.235
9.8,6.4,277.248
10,6.4,277.248

0,6.6,273.086
0.2,6.6,273.086
0.4,6.6,273.089
0.6,6.6,273.094
0.8,6.6,273.101
1,6.6,273.111
1.2,6.6,273.124
1.4,6.6,273.139
1.6,6.6,273.157
1.8,6.6,273.178
2,6.6,273.203
2.2,6.6,273.231
2.4,6.6,273.263
2.6,6.6,273.3
2.8,6.6,273.34
3,6.6,273.386
3.2,6.6,273.436
3.4,6.6,273.492
3.6,6.6,273.554
3.8,6.6,273.622
4,6.6,273.696
4.2,6.6,273.777
4.4,6.6,273.864
4.6,6.6,273.959
4.8,6.6,274.061
5,6.6,274.169
5.2,6.6,274.285
5.4,6.6,274.408
5.6,6.6,274.537
5.8,6.6,274.673
6,6.6,274.814
6.2,6.6,274.959
6.4,6.6,275.109
6.6,6.6,275.261
6.8,6.6,275.414
7,6.6,275.566
7.2,6.6,275.717
7.4,6.6,275.863
7.6,6.6,276.004
7.8,6.6,276.138
8,6.6,276.262
8.2,6.6,276.375
8.4,6.6,276.477
8.6,6.6,276.566
8.8,6.6,276.642
9,6.6,276.705
9.2,6.6,276.754
9.4,6.6,276.791
9.6,6.6,276.816
9.8,6.6,276.828
10,6.6,276.828

0,6.8,273.08
0.2,6.8,273.08
0.4,6.8,273.083
0.6,6.8,273.088
0.8,6.8,273.095
1,6.8,273.104
1.2,6.8,273.115
1.4,6.8,273.13
1.6,6.8,273.146
1.8,6.8,273.166
2,6.8,273.189
2.2,6.8,273.215
2.4,6.8,273.245
2.6,6.8,273.278
2.8,6.8,273.316
3,6.8,273.358
3.2,6.8,273.404
3.4,6.8,273.456
3.6,6.8,273.513
3.8,6.8,273.575
4,6.8,273.643
4.2,6.8,273.716
4.4,6.8,273.796
4.6,6.8,273.882
4.8,6.8,273.975
5,6.8,274.073
5.2,6.8,274.178
5.4,6.8,274.289
5.6,6.8,274.405
5.8,6.8,274.527
6,6.8,274.653
6.2,6.8,274.783
6.4,6.8,274.916
6.6,6.8,275.051
6.8,6.8,275.187
7,6.8,275.322
7.2,6.8,275.455
7.4,6.8,275.584
7.6,6.8,275.709
7.8,6.8,275.826
8,6.8,275.936
8.2,6.8,276.037
8.4,6.8,276.128
8.6,6.8,276.208
8.8,6.8,276.276
9,6.8,276.333
9.2,6.8,276.378
9.4,6.8,276.412
9.6,6.8,276.435
9.8,6.8,276.446
10,6.8,276.446

0,7,273.075
0.2,7,273.075
0.4,7,273.077
0.6,7,273.082
0.8,7,273.088
1,7,273.097
1.2,7,273.107
1.4,7,273.121
1.6,7,273.136
1.8,7,273.154
2,7,273.175
2.2,7,273.2
2.4,7,273.227
2.6,7,273.258
2.8,7,273.292
3,7,273.331
3.2,7,273.374
3.4,7,273.421
3.6,7,273.473
3.8,7,273.53
4,7,273.592
4.2,7,273.659
4.4,7,273.732
4.6,7,273.81
4.8,7,273.894
5,7,273.983
5.2,7,274.078
5.4,7,274.177
5.6,7,274.282
5.8,7,274.391
6,7,274.504
6.2,7,274.62
6.4,7,274.738
6.6,7,274.858
6.8,7,274.979
7,7,275.098
7.2,7,275.216
7.4,7,275.33
7.6,7,275.44
7.8,7,275.545
8,7,275.642
8.2,7,275.731
8.4,7,275.812
8.6,7,275.884
8.8,7,275.945
9,7,275.996
9.2,7,276.038
9.4,7,276.068
9.6,7,276.089
9.8,7,276.099
10,7,276.099

0,7.2,273.07
0.2,7.2,273.07
0.4,7.2,273.072
0.6,7.2,273.076
0.8,7.2,273.082
1,7.2,273.09
1.2,7.2,273.1
1.4,7.2,273.112
1.6,7.2,273.126
1.8,7.2,273.143
2,7.2,273.163
2.2,7.2,273.185
2.4,7.2,273.21
2.6,7.2,273.238
2.8,7.2,273.27
3,7.2,273.306
3.2,7.2,273.345
3.4,7.2,273.388
3.6,7.2,273.436
3.8,7.2,273.488
4,7.2,273.544
4.2,7.2,273.606
4.4,7.2,273.672
4.6,7.2,273.742
4.8,7.2,273.818
5,7.2,273.899
5.2,7.2,273.984
5.4,7.2,274.074
5.6,7.2,274.168
5.8,7.2,274.265
6,7.2,274.366
6.2,7.2,274.47
6.4,7.2,274.575
6.6,7.2,274.682
6.8,7.2,274.789
7,7.2,274.895
7.2,7.2,274.999
7.4,7.2,275.1
7.6,7.2,275.198
7.8,7.2,275.29
8,7.2,275.376
8.2,7.2,275.456
8.4,7.2,275.528
8.6,7.2,275.591
8.8,7.2,275.646
9,7.2,275.693
9.2,7.2,275.73
9.4,7.2,275.758
9.6,7.2,275.776
9.8,7.2,275.786
10,7.2,275.786

0,7.4,273.065
0.2,7.4,273.065
0.4,7.4,273.067
0.6,7.4,273.07
0.8,7.4,273.076
1,7.4,273.083
1.2,7.4,273.092
1.4,7.4,273.104
1.6,7.4,273.117
1.8,7.4,273.132
2,7.4,273.15
2.2,7.4,273.171
2.4,7.4,273.194
2.6,7.4,273.22
2.8,7.4,273.249
3,7.4,273.282
3.2,7.4,273.318
3.4,7.4,273.357
3.6,7.4,273.401
3.8,7.4,273.448
4,7.4,273.5
4.2,7.4,273.555
4.4,7.4,273.615
4.6,7.4,273.68
4.8,7.4,273.748
5,7.4,273.821
5.2,7.4,273.898
5.4,7.4,273.978
5.6,7.4,274.063
5.8,7.4,274.15
6,7.4,274.24
6.2,7.4,274.333
6.4,7.4,274.427
6.6,7.4,274.521
6.8,7.4,274.616
7,7.4,274.71
7.2,7.4,274.803
7.4,7.4,274.892
7.6,7.4,274.979
7.8,7.4,275.061
8,7.4,275.137
8.2,7.4,275.208
8.4,7.4,275.272
8.6,7.4,275.329
8.8,7.4,275.378
9,7.4,275.42
9.2,7.4,275.453
9.4,7.4,275.478
9.6,7.4,275.495
9.8,7.4,275.503
10,7.4,275.503

0,7.6,273.06
0.2,7.6,273.06
0.4,7.6,273.062
0.6,7.6,273.065
0.8,7.6,273.07
1,7.6,273.077
1.2,7.6,273.086
1.4,7.6,273.096
1.6,7.6,273.108
1.8,7.6,273.122
2,7.6,273.139
2.2,7.6,273.158
2.4,7.6,273.179
2.6,7.6,273.203
2.8,7.6,273.23
3,7.6,273.26
3.2,7.6,273.292
3.4,7.6,273.329
3.6,7.6,273.368
3.8,7.6,273.411
4,7.6,273.458
4.2,7.6,273.509
4.4,7.6,273.563
4.6,7.6,273.621
4.8,7.6,273.683
5,7.6,273.749
5.2,7.6,273.818
5.4,7.6,273.891
5.6,7.6,273.966
5.8,7.6,274.045
6,7.6,274.125
6.2,7.6,274.208
6.4,7.6,274.292
6.6,7.6,274.376
6.8,7.6,274.46
7,7.6,274.544
7.2,7.6,274.626
7.4,7.6,274.706
7.6,7.6,274.782
7.8,7.6,274.855
8,7.6,274.923
8.2,7.6,274.986
8.4,7.6,275.043
8.6,7.6,275.094
8.8,7.6,275.138
9,7.6,275.175
9.2,7.6,275.205
9.4,7.6,275.227
9.6,7.6,275.242
9.8,7.6,275.25
10,7.6,275.25

0,7.8,273.055
0.2,7.8,273.055
0.4,7.8,273.057
0.6,7.8,273.06
0.8,7.8,273.065
1,7.8,273.071
1.2,7.8,273.079
1.4,7.8,273.089
1.6,7.8,273.1
1.8,7.8,273.113
2,7.8,273.128
2.2,7.8,273.146
2.4,7.8,273.165
2.6,7.8,273.187
2.8,7.8,273.212
3,7.8,273.239
3.2,7.8,273.269
3.4,7.8,273.302
3.6,7.8,273.338
3.8,7.8,273.378
4,7.8,273.42
4.2,7.8,273.466
4.4,7.8,273.515
4.6,7.8,273.568
4.8,7.8,273.624
5,7.8,273.683
5.2,7.8,273.746
5.4,7.8,273.811
5.6,7.8,273.879
5.8,7.8,273.949
6,7.8,274.022
6.2,7.8,274.095
6.4,7.8,274.17
6.6,7.8,274.245
6.8,7.8,274.32
7,7.8,274.395
7.2,7.8,274.468
7.4,7.8,274.539
7.6,7.8,274.607
7.8,7.8,274.671
8,7.8,274.732
8.2,7.8,274.788
8.4,7.8,274.839
8.6,7.8,274.884
8.8,7.8,274.923
9,7.8,274.957
9.2,7.8,274.984
9.4,7.8,275.004
9.6,7.8,275.017
9.8,7.8,275.024
10,7.8,275.024

0,8,273.051
0.2,8,273.051
0.4,8,273.053
0.6,8,273.056
0.8,8,273.06
1,8,273.066
1.2,8,273.073
1.4,8,273.082
1.6,8,273.092
1.8,8,273.105
2,8,273.119
2.2,8,273.135
2.4,8,273.152
2.6,8,273.173
2.8,8,273.195
3,8,273.22
3.2,8,273.248
3.4,8,273.278
3.6,8,273.311
3.8,8,273.347
4,8,273.385
4.2,8,273.427
4.4,8,273.472
4.6,8,273.52
4.8,8,273.571
5,8,273.624
5.2,8,273.68
5.4,8,273.739
5.6,8,273.8
5.8,8,273.864
6,8,273.928
6.2,8,273.994
6.4,8,274.061
6.6,8,274.129
6.8,8,274.196
7,8,274.262
7.2,8,274.327
7.4,8,274.39
7.6,8,274.451
7.8,8,274.508
8,8,274.562
8.2,8,274.612
8.4,8,274.658
8.6,8,274.698
8.8,8,274.734
9,8,274.764
9.2,8,274.788
9.4,8,274.806
9.6,8,274.818
9.8,8,274.824
10,8,274.824

0,8.2,273.048
0.2,8.2,273.048
0.4,8.2,273.049
0.6,8.2,273.052
0.8,8.2,273.056
1,8.2,273.061
1.2,8.2,273.068
1.4,8.2,273.076
1.6,8.2,273.086
1.8,8.2,273.097
2,8.2,273.11
2.2,8.2,273.124
2.4,8.2,273.141
2.6,8.2,273.159
2.8,8.2,273.18
3,8.2,273.203
3.2,8.2,273.228
3.4,8.2,273.256
3.6,8.2,273.286
3.8,8.2,273.319
4,8.2,273.354
4.2,8.2,273.392
4.4,8.2,273.433
4.6,8.2,273.476
4.8,8.2,273.523
5,8.2,273.571
5.2,8.2,273.622
5.4,8.2,273.675
5.6,8.2,273.73
5.8,8.2,273.787
6,8.2,273.845
6.2,8.2,273.905
6.4,8.2,273.965
6.6,8.2,274.025
6.8,8.2,274.085
7,8.2,274.145
7.2,8.2,274.203
7.4,8.2,274.259
7.6,8.2,274.314
7.8,8.2,274.365
8,8.2,274.414
8.2,8.2,274.458
8.4,8.2,274.499
8.6,8.2,274.535
8.8,8.2,274.567
9,8.2,274.594
9.2,8.2,274.616
9.4,8.2,274.632
9.6,8.2,274.643
9.8,8.2,274.649
10,8.2,274.649

0,8.4,273.044
0.2,8.4,273.044
0.4,8.4,273.046
0.6,8.4,273.048
0.8,8.4,273.052
1,8.4,273.057
1.2,8.4,273.063
1.4,8.4,273.071
1.6,8.4,273.079
1.8,8.4,273.09
2,8.4,273.102
2.2,8.4,273.115
2.4,8.4,273.131
2.6,8.4,273.148
2.8,8.4,273.167
3,8.4,273.188
3.2,8.4,273.211
3.4,8.4,273.236
3.6,8.4,273.264
3.8,8.4,273.294
4,8.4,273.326
4.2,8.4,273.361
4.4,8.4,273.398
4.6,8.4,273.438
4.8,8.4,273.48
5,8.4,273.524
5.2,8.4,273.57
5.4,8.4,273.619
5.6,8.4,273.669
5.8,8.4,273.72
6,8.4,273.773
6.2,8.4,273.826
6.4,8.4,273.88
6.6,8.4,273.935
6.8,8.4,273.989
7,8.4,274.042
7.2,8.4,274.095
7.4,8.4,274.145
7.6,8.4,274.194
7.8,8.4,274.241
8,8.4,274.284
8.2,8.4,274.324
8.4,8.4,274.361
8.6,8.4,274.394
8.8,8.4,274.422
9,8.4,274.447
9.2,8.4,274.466
9.4,8.4,274.481
9.6,8.4,274.491
9.8,8.4,274.496
10,8.4,274.496

0,8.6,273.041
0.2,8.6,273.041
0.4,8.6,273.043
0.6,8.6,273.045
0.8,8.6,273.048
1,8.6,273.053
1.2,8.6,273.059
1.4,8.6,273.066
1.6,8.6,273.074
1.8,8.6,273.084
2,8.6,273.095
2.2,8.6,273.107
2.4,8.6,273.121
2.6,8.6,273.137
2.8,8.6,273.155
3,8.6,273.174
3.2,8.6,273.196
3.4,8.6,273.219
3.6,8.6,273.245
3.8,8.6,273.272
4,8.6,273.302
4.2,8.6,273.334
4.4,8.6,273.368
4.6,8.6,273.405
4.8,8.6,273.443
5,8.6,273.483
5.2,8.6,273.526
5.4,8.6,273.569
5.6,8.6,273.615
5.8,8.6,273.662
6,8.6,273.71
6.2,8.6,273.758
6.4,8.6,273.807
6.6,8.6,273.857
6.8,8.6,273.906
7,8.6,273.954
7.2,8.6,274.001
7.4,8.6,274.047
7.6,8.6,274.092
7.8,8.6,274.133
8,8.6,274.173
8.2,8.6,274.209
8.4,8.6,274.242
8.6,8.6,274.272
8.8,8.6,274.298
9,8.6,274.32
9.2,8.6,274.338
9.4,8.6,274.351
9.6,8.6,274.36
9.8,8.6,274.365
10,8.6,274.365

0,8.8,273.039
0.2,8.8,273.039
0.4,8.8,273.04
0.6,8.8,273.042
0.8,8.8,273.045
1,8.8,273.05
1.2,8.8,273.055
1.4,8.8,273.062
1.6,8.8,273.069
1.8,8.8,273.078
2,8.8,273.089
2.2,8.8,273.1
2.4,8.8,273.114
2.6,8.8,273.128
2.8,8.8,273.145
3,8.8,273.163
3.2,8.8,273.183
3.4,8.8,273.205
3.6,8.8,273.228
3.8,8.8,273.254
4,8.8,273.281
4.2,8.8,273.311
4.4,8.8,273.342
4.6,8.8,273.376
4.8,8.8,273.411
5,8.8,273.448
5.2,8.8,273.487
5.4,8.8,273.528
5.6,8.8,273.569
5.8,8.8,273.612
6,8.8,273.656
6.2,8.8,273.701
6.4,8.8,273.746
6.6,8.8,273.791
6.8,8.8,273.835
7,8.8,273.88
7.2,8.8,273.923
7.4,8.8,273.965
7.6,8.8,274.005
7.8,8.8,274.043
8,8.8,274.079
8.2,8.8,274.112
8.4,8.8,274.143
8.6,8.8,274.17
8.8,8.8,274.193
9,8.8,274.213
9.2,8.8,274.23
9.4,8.8,274.242
9.6,8.8,274.25
9.8,8.8,274.254
10,8.8,274.254

0,9,273.037
0.2,9,273.037
0.4,9,273.038
0.6,9,273.04
0.8,9,273.043
1,9,273.047
1.2,9,273.052
1.4,9,273.058
1.6,9,273.065
1.8,9,273.074
2,9,273.084
2.2,9,273.095
2.4,9,273.107
2.6,9,273.121
2.8,9,273.136
3,9,273.153
3.2,9,273.172
3.4,9,273.192
3.6,9,273.214
3.8,9,273.238
4,9,273.264
4.2,9,273.292
4.4,9,273.321
4.6,9,273.352
4.8,9,273.385
5,9,273.42
5.2,9,273.456
5.4,9,273.493
5.6,9,273.532
5.8,9,273.571
6,9,273.612
6.2,9,273.653
6.4,9,273.695
6.6,9,273.736
6.8,9,273.777
7,9,273.818
7.2,9,273.858
7.4,9,273.897
7.6,9,273.934
7.8,9,273.969
8,9,274.002
8.2,9,274.033
8.4,9,274.061
8.6,9,274.086
8.8,9,274.107
9,9,274.126
9.2,9,274.141
9.4,9,274.152
9.6,9,274.16
9.8,9,274.164
10,9,274.164

0,9.2,273.035
0.2,9.2,273.035
0.4,9.2,273.036
0.6,9.2,273.038
0.8,9.2,273.041
1,9.2,273.045
1.2,9.2,273.05
1.4,9.2,273.055
1.6,9.2,273.062
1.8,9.2,273.07
2,9.2,273.08
2.2,9.2,273.09
2.4,9.2,273.102
2.6,9.2,273.115
2.8,9.2,273.129
3,9.2,273.146
3.2,9.2,273.163
3.4,9.2,273.182
3.6,9.2,273.203
3.8,9.2,273.226
4,9.2,273.25
4.2,9.2,273.276
4.4,9.2,273.304
4.6,9.2,273.333
4.8,9.2,273.364
5,9.2,273.397
5.2,9.2,273.43
5.4,9.2,273.465
5.6,9.2,273.502
5.8,9.2,273.539
6,9.2,273.577
6.2,9.2,273.615
6.4,9.2,273.654
6.6,9.2,273.693
6.8,9.2,273.732
7,9.2,273.77
7.2,9.2,273.807
7.4,9.2,273.843
7.6,9.2,273.877
7.8,9.2,273.91
8,9.2,273.941
8.2,9.2,273.97
8.4,9.2,273.996
8.6,9.2,274.019
8.8,9.2,274.04
9,9.2,274.057
9.2,9.2,274.071
9.4,9.2,274.081
9.6,9.2,274.089
9.8,9.2,274.092
10,9.2,274.092

0,9.4,273.034
0.2,9.4,273.034
0.4,9.4,273.035
0.6,9.4,273.037
0.8,9.4,273.039
1,9.4,273.043
1.2,9.4,273.048
1.4,9.4,273.053
1.6,9.4,273.06
1.8,9.4,273.068
2,9.4,273.076
2.2,9.4,273.086
2.4,9.4,273.098
2.6,9.4,273.11
2.8,9.4,273.124
3,9.4,273.14
3.2,9.4,273.157
3.4,9.4,273.175
3.6,9.4,273.195
3.8,9.4,273.217
4,9.4,273.24
4.2,9.4,273.265
4.4,9.4,273.291
4.6,9.4,273.319
4.8,9.4,273.348
5,9.4,273.379
5.2,9.4,273.411
5.4,9.4,273.445
5.6,9.4,273.479
5.8,9.4,273.515
6,9.4,273.551
6.2,9.4,273.587
6.4,9.4,273.624
6.6,9.4,273.661
6.8,9.4,273.697
7,9.4,273.733
7.2,9.4,273.769
7.4,9.4,273.803
7.6,9.4,273.835
7.8,9.4,273.867
8,9.4,273.896
8.2,9.4,273.923
8.4,9.4,273.948
8.6,9.4,273.97
8.8,9.4,273.989
9,9.4,274.005
9.2,9.4,274.019
9.4,9.4,274.029
9.6,9.4,274.036
9.8,9.4,274.039
10,9.4,274.039

0,9.6,273.033
0.2,9.6,273.033
0.4,9.6,273.034
0.6,9.6,273.036
0.8,9.6,273.038
1,9.6,273.042
1.2,9.6,273.046
1.4,9.6,273.052
1.6,9.6,273.058
1.8,9.6,273.066
2,9.6,273.074
2.2,9.6,273.084
2.4,9.6,273.095
2.6,9.6,273.107
2.8,9.6,273.121
3,9.6,273.136
3.2,9.6,273.152
3.4,9.6,273.17
3.6,9.6,273.189
3.8,9.6,273.21
4,9.6,273.233
4.2,9.6,273.257
4.4,9.6,273.282
4.6,9.6,273.309
4.8,9.6,273.338
5,9.6,273.368
5.2,9.6,273.399
5.4,9.6,273.431
5.6,9.6,273.464
5.8,9.6,273.499
6,9.6,273.533
6.2,9.6,273.569
6.4,9.6,273.604
6.6,9.6,273.639
6.8,9.6,273.675
7,9.6,273.709
7.2,9.6,273.743
7.4,9.6,273.776
7.6,9.6,273.808
7.8,9.6,273.838
8,9.6,273.866
8.2,9.6,273.892
8.4,9.6,273.916
8.6,9.6,273.937
8.8,9.6,273.956
9,9.6,273.971
9.2,9.6,273.984
9.4,9.6,273.994
9.6,9.6,274
9.8,9.6,274.004
10,9.6,274.004

0,9.8,273.032
0.2,9.8,273.032
0.4,9.8,273.033
0.6,9.8,273.035
0.8,9.8,273.038
1,9.8,273.041
1.2,9.8,273.046
1.4,9.8,273.051
1.6,9.8,273.058
1.8,9.8,273.065
2,9.8,273.073
2.2,9.8,273.083
2.4,9.8,273.094
2.6,9.8,273.106
2.8,9.8,273.119
3,9.8,273.134
3.2,9.8,273.15
3.4,9.8,273.168
3.6,9.8,273.187
3.8,9.8,273.207
4,9.8,273.229
4.2,9.8,273.253
4.4,9.8,273.278
4.6,9.8,273.305
4.8,9.8,273.333
5,9.8,273.362
5.2,9.8,273.393
5.4,9.8,273.424
5.6,9.8,273.457
5.8,9.8,273.491
6,9.8,273.525
6.2,9.8,273.559
6.4,9.8,273.594
6.6,9.8,273.629
6.8,9.8,273.663
7,9.8,273.697
7.2,9.8,273.731
7.4,9.8,273.763
7.6,9.8,273.794
7.8,9.8,273.823
8,9.8,273.851
8.2,9.8,273.876
8.4,9.8,273.9
8.6,9.8,273.921
8.8,9.8,273.939
9,9.8,273.955
9.2,9.8,273.967
9.4,9.8,273.977
9.6,9.8,273.983
9.8,9.8,273.986
10,9.8,273.986

0,10,273.032
0.2,10,273.032
0.4,10,273.033
0.6,10,273.035
0.8,10,273.038
1,10,273.041
1.2,10,273.046
1.4,10,273.051
1.6,10,273.058
1.8,10,273.065
2,10,273.073
2.2,10,273.083
2.4,10,273.094
2.6,10,273.106
2.8,10,273.119
3,10,273.134
3.2,10,273.15
3.4,10,273.168
3.6,10,273.187
3.8,10,273.207
4,10,273.229
4.2,10,273.253
4.4,10,273.278
4.6,10,273.305
4.8,10,273.333
5,10,273.362
5.2,10,273.393
5.4,10,273.424
5.6,10,273.457
5.8,10,273.491
6,10,273.525
6.2,10,273.559
6.4,10,273.594
6.6,10,273.629
6.8,10,273.663
7,10,273.697
7.2,10,273.731
7.4,10,273.763
7.6,10,273.794
7.8,10,273.823
8,10,273.851
8.2,10,273.876
8.4,10,273.9
8.6,10,273.921
8.8,10,273.939
9,10,273.955
9.2,10,273.967
9.4,10,273.977
9.6,10,273.983
9.8,10,273.986
10,10,273.986

