t,Ekin,Epot,Etot
0.000166667,0.000147227,0.0884261,0.0885734
0.000333333,0.000587278,0.0879858,0.0885731
0.0005,0.00131529,0.0872573,0.0885726
0.000666667,0.00232323,0.0862486,0.0885719
0.000833333,0.00360005,0.084971,0.088571
0.001,0.00513182,0.0834381,0.08857
0.00116667,0.00690195,0.0816668,0.0885688
0.00133333,0.00889147,0.079676,0.0885675
0.0015,0.0110793,0.0774868,0.088566
0.00166667,0.0134424,0.0751221,0.0885645
0.00183333,0.0159566,0.0726063,0.0885629
0.002,0.0185962,0.069965,0.0885613
0.00216667,0.0213351,0.0672244,0.0885596
0.00233333,0.0241466,0.0644113,0.0885579
0.0025,0.027004,0.0615523,0.0885563
0.00266667,0.0298809,0.0586738,0.0885547
0.00283333,0.0327516,0.0558015,0.0885531
0.003,0.0355913,0.0529604,0.0885516
0.00316667,0.0383765,0.0501738,0.0885503
0.00333333,0.0410852,0.0474638,0.088549
0.0035,0.0436971,0.0448507,0.0885478
0.00366667,0.046194,0.0423528,0.0885468
0.00383333,0.0485595,0.0399865,0.0885459
0.004,0.0507795,0.0377657,0.0885452
0.00416667,0.0528424,0.0357023,0.0885446
0.00433333,0.0547384,0.0338057,0.0885442
0.0045,0.0564606,0.0320833,0.0885439
0.00466667,0.0580039,0.0305398,0.0885437
0.00483333,0.0593657,0.0291779,0.0885436
0.005,0.0605454,0.0279983,0.0885437
0.00516667,0.0615443,0.0269996,0.0885439
0.00533333,0.0623658,0.0261785,0.0885443
0.0055,0.0630147,0.02553,0.0885447
0.00566667,0.0634975,0.0250477,0.0885451
0.00583333,0.0638219,0.0247238,0.0885457
0.006,0.0639968,0.0245495,0.0885463
0.00616667,0.0640321,0.0245148,0.088547
0.00633333,0.0639383,0.0246093,0.0885477
0.0065,0.0637265,0.0248218,0.0885484
0.00666667,0.0634082,0.0251409,0.0885491
0.00683333,0.0629949,0.0255549,0.0885498
0.007,0.0624984,0.0260521,0.0885506
0.00716667,0.0619302,0.0266211,0.0885513
0.00733333,0.0613015,0.0272505,0.088552
0.0075,0.0606232,0.0279294,0.0885526
0.00766667,0.0599057,0.0286475,0.0885532
0.00783333,0.0591588,0.029395,0.0885538
0.008,0.0583918,0.0301626,0.0885543
0.00816667,0.057613,0.0309418,0.0885548
0.00833333,0.0568302,0.031725,0.0885552
0.0085,0.0560505,0.0325052,0.0885556
0.00866667,0.05528,0.033276,0.088556
0.00883333,0.0545242,0.0340321,0.0885563
0.009,0.0537879,0.0347686,0.0885565
0.00916667,0.0530749,0.0354818,0.0885567
0.00933333,0.0523887,0.0361681,0.0885569
0.0095,0.0517319,0.0368251,0.088557
0.00966667,0.0511064,0.0374507,0.0885571
0.00983333,0.0505138,0.0380434,0.0885572
0.01,0.0499549,0.0386023,0.0885572
0.0101667,0.0494303,0.0391269,0.0885572
0.0103333,0.0489399,0.0396172,0.0885572
0.0105,0.0484836,0.0400735,0.0885571
0.0106667,0.0480607,0.0404964,0.0885571
0.0108333,0.0476702,0.0408868,0.088557
0.011,0.0473111,0.0412458,0.0885569
0.0111667,0.0469822,0.0415747,0.0885568
0.0113333,0.0466819,0.0418749,0.0885567
0.0115,0.0464088,0.0421478,0.0885566
0.0116667,0.0461613,0.0423952,0.0885565
0.0118333,0.0459378,0.0426187,0.0885564
0.012,0.0457366,0.0428197,0.0885563
0.0121667,0.0455561,0.0430001,0.0885562
0.0123333,0.0453947,0.0431614,0.0885561
0.0125,0.0452509,0.0433051,0.088556
0.0126667,0.0451232,0.0434328,0.088556
0.0128333,0.04501,0.0435458,0.0885559
0.013,0.0449101,0.0436457,0.0885558
0.0131667,0.0448222,0.0437335,0.0885557
0.0133333,0.0447451,0.0438105,0.0885557
0.0135,0.0446776,0.0438779,0.0885556
0.0136667,0.0446188,0.0439367,0.0885555
0.0138333,0.0445676,0.0439878,0.0885555
0.014,0.0445233,0.0440321,0.0885554
0.0141667,0.0444849,0.0440704,0.0885554
0.0143333,0.0444519,0.0441035,0.0885553
0.0145,0.0444235,0.0441318,0.0885553
0.0146667,0.0443991,0.0441561,0.0885553
0.0148333,0.0443783,0.0441769,0.0885552
0.015,0.0443606,0.0441946,0.0885552
0.0151667,0.0443455,0.0442097,0.0885552
0.0153333,0.0443327,0.0442224,0.0885552
0.0155,0.0443219,0.0442332,0.0885552
0.0156667,0.0443128,0.0442423,0.0885551
0.0158333,0.0443052,0.0442499,0.0885551
0.016,0.0442988,0.0442563,0.0885551
0.0161667,0.0442934,0.0442617,0.0885551
0.0163333,0.0442889,0.0442661,0.0885551
0.0165,0.0442852,0.0442699,0.0885551
0.0166667,0.0442821,0.0442729,0.0885551
0.0168333,0.0442796,0.0442755,0.0885551
0.017,0.0442775,0.0442776,0.0885551
0.0171667,0.0442758,0.0442793,0.0885551
0.0173333,0.0442744,0.0442807,0.0885551
0.0175,0.0442732,0.0442819,0.0885551
0.0176667,0.0442722,0.0442828,0.0885551
0.0178333,0.0442715,0.0442836,0.0885551
0.018,0.0442708,0.0442842,0.0885551
0.0181667,0.0442703,0.0442847,0.0885551
0.0183333,0.0442699,0.0442851,0.0885551
0.0185,0.0442696,0.0442855,0.0885551
0.0186667,0.0442693,0.0442857,0.0885551
0.0188333,0.0442691,0.0442859,0.088555
0.019,0.0442689,0.0442861,0.088555
0.0191667,0.0442688,0.0442862,0.088555
0.0193333,0.0442687,0.0442863,0.088555
0.0195,0.0442686,0.0442864,0.088555
0.0196667,0.0442686,0.0442865,0.088555
0.0198333,0.0442685,0.0442865,0.088555
0.02,0.0442685,0.0442866,0.088555
0.0201667,0.0442684,0.0442866,0.088555
0.0203333,0.0442684,0.0442866,0.088555
0.0205,0.0442684,0.0442867,0.088555
0.0206667,0.0442684,0.0442867,0.088555
0.0208333,0.0442683,0.0442867,0.088555
0.021,0.0442683,0.0442867,0.088555
0.0211667,0.0442683,0.0442867,0.088555
0.0213333,0.0442683,0.0442867,0.088555
0.0215,0.0442683,0.0442867,0.088555
0.0216667,0.0442683,0.0442867,0.088555
0.0218333,0.0442683,0.0442867,0.088555
0.022,0.0442683,0.0442867,0.088555
0.0221667,0.0442683,0.0442867,0.088555
0.0223333,0.0442683,0.0442867,0.088555
0.0225,0.0442683,0.0442867,0.088555
0.0226667,0.0442683,0.0442867,0.088555
0.0228333,0.0442683,0.0442867,0.088555
0.023,0.0442683,0.0442867,0.088555
0.0231667,0.0442683,0.0442867,0.088555
0.0233333,0.0442683,0.0442867,0.088555
0.0235,0.0442683,0.0442867,0.088555
0.0236667,0.0442683,0.0442867,0.088555
0.0238333,0.0442683,0.0442867,0.088555
0.024,0.0442683,0.0442867,0.088555
0.0241667,0.0442683,0.0442867,0.088555
0.0243333,0.0442683,0.0442867,0.088555
0.0245,0.0442683,0.0442867,0.088555
0.0246667,0.0442683,0.0442867,0.088555
0.0248333,0.0442683,0.0442867,0.088555
0.025,0.0442683,0.0442867,0.088555
0.0251667,0.0442683,0.0442867,0.088555
0.0253333,0.0442683,0.0442867,0.088555
0.0255,0.0442683,0.0442867,0.088555
0.0256667,0.0442683,0.0442867,0.088555
0.0258333,0.0442683,0.0442867,0.088555
0.026,0.0442683,0.0442867,0.088555
0.0261667,0.0442683,0.0442867,0.088555
0.0263333,0.0442683,0.0442867,0.088555
0.0265,0.0442683,0.0442867,0.088555
0.0266667,0.0442683,0.0442867,0.088555
0.0268333,0.0442683,0.0442867,0.088555
0.027,0.0442683,0.0442867,0.088555
0.0271667,0.0442683,0.0442867,0.088555
0.0273333,0.0442683,0.0442867,0.088555
0.0275,0.0442683,0.0442867,0.088555
0.0276667,0.0442683,0.0442867,0.088555
0.0278333,0.0442683,0.0442867,0.088555
0.028,0.0442683,0.0442867,0.088555
0.0281667,0.0442683,0.0442867,0.088555
0.0283333,0.0442683,0.0442867,0.088555
0.0285,0.0442683,0.0442867,0.088555
0.0286667,0.0442683,0.0442867,0.088555
0.0288333,0.0442683,0.0442867,0.088555
0.029,0.0442684,0.0442867,0.088555
0.0291667,0.0442684,0.0442867,0.088555
0.0293333,0.0442684,0.0442867,0.088555
0.0295,0.0442684,0.0442866,0.088555
0.0296667,0.0442684,0.0442866,0.088555
0.0298333,0.0442685,0.0442866,0.088555
0.03,0.0442685,0.0442865,0.088555
0.0301667,0.0442686,0.0442865,0.088555
0.0303333,0.0442687,0.0442864,0.088555
0.0305,0.0442688,0.0442863,0.088555
0.0306667,0.0442689,0.0442862,0.088555
0.0308333,0.044269,0.044286,0.088555
0.031,0.0442692,0.0442858,0.088555
0.0311667,0.0442694,0.0442856,0.0885551
0.0313333,0.0442697,0.0442853,0.0885551
0.0315,0.0442701,0.044285,0.0885551
0.0316667,0.0442705,0.0442845,0.0885551
0.0318333,0.0442711,0.044284,0.0885551
0.032,0.0442717,0.0442833,0.0885551
0.0321667,0.0442726,0.0442825,0.0885551
0.0323333,0.0442736,0.0442815,0.0885551
0.0325,0.0442748,0.0442803,0.0885551
0.0326667,0.0442763,0.0442788,0.0885551
0.0328333,0.0442781,0.0442769,0.0885551
0.033,0.0442804,0.0442747,0.0885551
0.0331667,0.044283,0.0442721,0.0885551
0.0333333,0.0442863,0.0442688,0.0885551
0.0335,0.0442901,0.0442649,0.0885551
0.0336667,0.0442948,0.0442603,0.0885551
0.0338333,0.0443004,0.0442547,0.0885551
0.034,0.0443071,0.0442481,0.0885551
0.0341667,0.044315,0.0442402,0.0885551
0.0343333,0.0443244,0.0442308,0.0885552
0.0345,0.0443355,0.0442196,0.0885552
0.0346667,0.0443487,0.0442065,0.0885552
0.0348333,0.0443642,0.044191,0.0885552
0.035,0.0443824,0.0441728,0.0885552
0.0351667,0.0444037,0.0441516,0.0885553
0.0353333,0.0444286,0.0441267,0.0885553
0.0355,0.0444576,0.0440977,0.0885553
0.0356667,0.0444913,0.0440641,0.0885554
0.0358333,0.0445303,0.0440251,0.0885554
0.036,0.0445754,0.0439801,0.0885555
0.0361667,0.0446273,0.0439283,0.0885555
0.0363333,0.0446869,0.0438687,0.0885556
0.0365,0.0447551,0.0438005,0.0885557
0.0366667,0.044833,0.0437227,0.0885557
0.0368333,0.0449217,0.0436341,0.0885558
0.037,0.0450223,0.0435336,0.0885559
0.0371667,0.0451361,0.0434198,0.088556
0.0373333,0.0452646,0.0432915,0.088556
0.0375,0.0454089,0.0431472,0.0885561
0.0376667,0.0455708,0.0429855,0.0885562
0.0378333,0.0457516,0.0428047,0.0885563
0.038,0.0459529,0.0426035,0.0885564
0.0381667,0.0461765,0.0423801,0.0885565
0.0383333,0.0464237,0.0421329,0.0885566
0.0385,0.0466963,0.0418604,0.0885567
0.0386667,0.0469958,0.041561,0.0885568
0.0388333,0.0473237,0.0412332,0.0885569
0.039,0.0476813,0.0408757,0.088557
0.0391667,0.04807,0.0404871,0.0885571
0.0393333,0.0484907,0.0400664,0.0885571
0.0395,0.0489443,0.0396128,0.0885571
0.0396667,0.0494315,0.0391256,0.0885572
0.0398333,0.0499526,0.0386046,0.0885572
0.04,0.0505074,0.0380498,0.0885571
0.0401667,0.0510955,0.0374616,0.0885571
0.0403333,0.0517159,0.0368411,0.088557
0.0405,0.0523673,0.0361896,0.0885569
0.0406667,0.0530476,0.0355091,0.0885567
0.0408333,0.0537542,0.0348023,0.0885565
0.041,0.054484,0.0340723,0.0885563
0.0411667,0.0552329,0.0333231,0.088556
0.0413333,0.0559963,0.0325593,0.0885556
0.0415,0.056769,0.0317863,0.0885552
0.0416667,0.0575446,0.0310102,0.0885548
0.0418333,0.0583165,0.0302379,0.0885543
0.042,0.0590769,0.029477,0.0885538
0.0421667,0.0598175,0.0287358,0.0885533
0.0423333,0.0605292,0.0280234,0.0885526
0.0425,0.0612025,0.0273495,0.088552
0.0426667,0.0618271,0.0267242,0.0885513
0.0428333,0.0623922,0.0261584,0.0885506
0.043,0.0628868,0.0256631,0.0885499
0.0431667,0.0632994,0.0252498,0.0885492
0.0433333,0.0636186,0.0249299,0.0885485
0.0435,0.0638328,0.024715,0.0885478
0.0436667,0.0639307,0.0246164,0.0885471
0.0438333,0.0639012,0.0246452,0.0885464
0.044,0.0637339,0.0248119,0.0885458
0.0441667,0.0634189,0.0251263,0.0885453
0.0443333,0.0629474,0.0255973,0.0885448
0.0445,0.0623116,0.0262328,0.0885444
0.0446667,0.0615049,0.0270391,0.088544
0.0448333,0.0605224,0.0280214,0.0885438
0.045,0.0593605,0.0291832,0.0885437
0.0451667,0.0580178,0.0305259,0.0885437
0.0453333,0.0564946,0.0320493,0.0885439
0.0455,0.0547934,0.0337508,0.0885442
0.0456667,0.0529187,0.0356259,0.0885446
0.0458333,0.0508775,0.0376677,0.0885452
0.046,0.0486789,0.039867,0.0885459
0.0461667,0.0463343,0.0422124,0.0885468
0.0463333,0.0438576,0.0446902,0.0885478
0.0465,0.0412645,0.0472844,0.0885489
0.0466667,0.0385731,0.049977,0.0885501
0.0468333,0.0358033,0.0527482,0.0885515
0.047,0.0329767,0.0555762,0.0885529
0.0471667,0.0301167,0.0584378,0.0885545
0.0473333,0.0272476,0.0613085,0.0885561
0.0475,0.024395,0.0641627,0.0885577
0.0476667,0.0215851,0.0669743,0.0885594
0.0478333,0.0188445,0.0697165,0.088561
0.048,0.0161997,0.072363,0.0885627
0.0481667,0.013677,0.0748872,0.0885643
0.0483333,0.011302,0.0772638,0.0885658
0.0485,0.00909913,0.0794681,0.0885673
0.0486667,0.00709146,0.0814771,0.0885686
0.0488333,0.00530034,0.0832695,0.0885698
0.049,0.00374504,0.0848258,0.0885709
0.0491667,0.00244248,0.0861293,0.0885718
0.0493333,0.00140696,0.0871655,0.0885725
0.0495,0.000649961,0.087923,0.088573
0.0496667,0.000179938,0.0883934,0.0885733
0.0498333,2.22351e-06,0.0885712,0.0885735
0.05,0.000118919,0.0884545,0.0885734
0.0501667,0.000528866,0.0880443,0.0885731
0.0503333,0.00122767,0.087345,0.0885727
0.0505,0.00220774,0.0863642,0.088572
0.0506667,0.00345845,0.0851127,0.0885711
0.0508333,0.00496626,0.0836039,0.0885701
0.051,0.00671492,0.081854,0.0885689
0.0511667,0.00868576,0.0798819,0.0885676
0.0513333,0.0108579,0.0777083,0.0885662
0.0515,0.0132086,0.0753561,0.0885647
0.0516667,0.0157137,0.0728494,0.0885631
0.0518333,0.0183477,0.0702138,0.0885615
0.052,0.0210843,0.0674755,0.0885598
0.0521667,0.0238969,0.0646612,0.0885581
0.0523333,0.0267586,0.0617979,0.0885565
0.0525,0.0296429,0.058912,0.0885548
0.0526667,0.0325238,0.0560295,0.0885533
0.0528333,0.0353763,0.0531754,0.0885518
0.053,0.0381767,0.0503737,0.0885504
0.0531667,0.0409026,0.0476465,0.0885491
0.0533333,0.0435333,0.0450146,0.0885479
0.0535,0.0460503,0.0424966,0.0885469
0.0536667,0.0484367,0.0401092,0.088546
0.0538333,0.0506784,0.0378669,0.0885452
0.054,0.0527629,0.0357817,0.0885446
0.0541667,0.0546806,0.0338635,0.0885441
0.0543333,0.056424,0.0321198,0.0885438
0.0545,0.0579877,0.0305559,0.0885436
0.0546667,0.0593689,0.0291746,0.0885436
0.0548333,0.0605668,0.0279769,0.0885436
0.055,0.0615825,0.0269614,0.0885438
0.0551667,0.062419,0.0261251,0.0885441
0.0553333,0.0630814,0.0254632,0.0885445
0.0555,0.0635758,0.0249693,0.088545
0.0556667,0.06391,0.0246356,0.0885456
0.0558333,0.0640928,0.0244534,0.0885462
0.056,0.0641342,0.0244126,0.0885469
0.0561667,0.0640447,0.0245028,0.0885476
0.0563333,0.0638355,0.0247128,0.0885483
0.0565,0.0635182,0.0250309,0.088549
0.0566667,0.0631044,0.0254454,0.0885498
0.0568333,0.062606,0.0259445,0.0885505
0.057,0.0620347,0.0265165,0.0885512
0.0571667,0.0614019,0.02715,0.0885519
0.0573333,0.0607186,0.027834,0.0885526
0.0575,0.0599954,0.0285578,0.0885532
0.0576667,0.0592422,0.0293116,0.0885538
0.0578333,0.0584683,0.030086,0.0885543
0.058,0.0576825,0.0308723,0.0885548
0.0581667,0.0568925,0.0316627,0.0885552
0.0583333,0.0561056,0.0324501,0.0885556
0.0585,0.0553279,0.0332281,0.088556
0.0586667,0.0545652,0.0339911,0.0885563
0.0588333,0.0538221,0.0347345,0.0885565
0.059,0.0531028,0.035454,0.0885567
0.0591667,0.0524105,0.0361464,0.0885569
0.0593333,0.0517481,0.0368089,0.088557
0.0595,0.0511175,0.0374396,0.0885571
0.0596667,0.0505202,0.038037,0.0885572
0.0598333,0.0499572,0.0386,0.0885572
0.06,0.0494289,0.0391283,0.0885572
0.0601667,0.0489354,0.0396218,0.0885572
0.0603333,0.0484763,0.0400808,0.0885572
0.0605,0.0480511,0.040506,0.0885571
0.0606667,0.0476588,0.0408983,0.088557
0.0608333,0.0472982,0.0412587,0.088557
0.061,0.0469682,0.0415887,0.0885569
0.0611667,0.0466671,0.0418896,0.0885568
0.0613333,0.0463936,0.0421631,0.0885567
0.0615,0.0461459,0.0424107,0.0885566
0.0616667,0.0459223,0.0426341,0.0885565
0.0618333,0.0457213,0.042835,0.0885564
0.062,0.0455412,0.043015,0.0885562
0.0621667,0.0453803,0.0431758,0.0885562
0.0623333,0.0452371,0.043319,0.0885561
0.0625,0.04511,0.043446,0.088556
0.0626667,0.0449976,0.0435583,0.0885559
0.0628333,0.0448985,0.0436573,0.0885558
0.063,0.0448113,0.0437444,0.0885557
0.0631667,0.044735,0.0438206,0.0885556
0.0633333,0.0446683,0.0438872,0.0885556
0.0635,0.0446103,0.0439453,0.0885555
0.0636667,0.0445599,0.0439956,0.0885555
0.0638333,0.0445162,0.0440392,0.0885554
0.064,0.0444785,0.0440768,0.0885554
0.0641667,0.0444461,0.0441092,0.0885553
0.0643333,0.0444183,0.044137,0.0885553
0.0645,0.0443945,0.0441607,0.0885553
0.0646667,0.0443742,0.044181,0.0885552
0.0648333,0.044357,0.0441982,0.0885552
0.065,0.0443423,0.0442129,0.0885552
0.0651667,0.0443299,0.0442252,0.0885552
0.0653333,0.0443195,0.0442357,0.0885552
0.0655,0.0443107,0.0442444,0.0885551
0.0656667,0.0443033,0.0442518,0.0885551
0.0658333,0.0442972,0.0442579,0.0885551
0.066,0.044292,0.0442631,0.0885551
0.0661667,0.0442878,0.0442673,0.0885551
0.0663333,0.0442842,0.0442709,0.0885551
0.0665,0.0442813,0.0442738,0.0885551
0.0666667,0.0442789,0.0442762,0.0885551
0.0668333,0.0442769,0.0442782,0.0885551
0.067,0.0442752,0.0442798,0.0885551
0.0671667,0.0442739,0.0442812,0.0885551
0.0673333,0.0442728,0.0442822,0.0885551
0.0675,0.0442719,0.0442831,0.0885551
0.0676667,0.0442712,0.0442838,0.0885551
0.0678333,0.0442706,0.0442844,0.0885551
0.068,0.0442702,0.0442849,0.0885551
0.0681667,0.0442698,0.0442853,0.0885551
0.0683333,0.0442695,0.0442856,0.0885551
0.0685,0.0442692,0.0442858,0.0885551
0.0686667,0.044269,0.044286,0.088555
0.0688333,0.0442689,0.0442862,0.088555
0.069,0.0442688,0.0442863,0.088555
0.0691667,0.0442687,0.0442864,0.088555
0.0693333,0.0442686,0.0442865,0.088555
0.0695,0.0442685,0.0442865,0.088555
0.0696667,0.0442685,0.0442866,0.088555
0.0698333,0.0442684,0.0442866,0.088555
0.07,0.0442684,0.0442866,0.088555
0.0701667,0.0442684,0.0442867,0.088555
0.0703333,0.0442684,0.0442867,0.088555
0.0705,0.0442684,0.0442867,0.088555
0.0706667,0.0442683,0.0442867,0.088555
0.0708333,0.0442683,0.0442867,0.088555
0.071,0.0442683,0.0442867,0.088555
0.0711667,0.0442683,0.0442867,0.088555
0.0713333,0.0442683,0.0442867,0.088555
0.0715,0.0442683,0.0442867,0.088555
0.0716667,0.0442683,0.0442867,0.088555
0.0718333,0.0442683,0.0442867,0.088555
0.072,0.0442683,0.0442867,0.088555
0.0721667,0.0442683,0.0442867,0.088555
0.0723333,0.0442683,0.0442867,0.088555
0.0725,0.0442683,0.0442867,0.088555
0.0726667,0.0442683,0.0442867,0.088555
0.0728333,0.0442683,0.0442867,0.088555
0.073,0.0442683,0.0442867,0.088555
0.0731667,0.0442683,0.0442867,0.088555
0.0733333,0.0442683,0.0442867,0.088555
0.0735,0.0442683,0.0442867,0.088555
0.0736667,0.0442683,0.0442867,0.088555
0.0738333,0.0442683,0.0442867,0.088555
0.074,0.0442683,0.0442867,0.088555
0.0741667,0.0442683,0.0442867,0.088555
0.0743333,0.0442683,0.0442867,0.088555
0.0745,0.0442683,0.0442867,0.088555
0.0746667,0.0442683,0.0442867,0.088555
0.0748333,0.0442683,0.0442867,0.088555
0.075,0.0442683,0.0442867,0.088555
0.0751667,0.0442683,0.0442867,0.088555
0.0753333,0.0442683,0.0442867,0.088555
0.0755,0.0442683,0.0442867,0.088555
0.0756667,0.0442683,0.0442867,0.088555
0.0758333,0.0442683,0.0442867,0.088555
0.076,0.0442683,0.0442867,0.088555
0.0761667,0.0442683,0.0442867,0.088555
0.0763333,0.0442683,0.0442867,0.088555
0.0765,0.0442683,0.0442867,0.088555
0.0766667,0.0442683,0.0442867,0.088555
0.0768333,0.0442683,0.0442867,0.088555
0.077,0.0442683,0.0442867,0.088555
0.0771667,0.0442683,0.0442867,0.088555
0.0773333,0.0442683,0.0442867,0.088555
0.0775,0.0442683,0.0442867,0.088555
0.0776667,0.0442683,0.0442867,0.088555
0.0778333,0.0442683,0.0442867,0.088555
0.078,0.0442683,0.0442867,0.088555
0.0781667,0.0442683,0.0442867,0.088555
0.0783333,0.0442683,0.0442867,0.088555
0.0785,0.0442683,0.0442867,0.088555
0.0786667,0.0442684,0.0442867,0.088555
0.0788333,0.0442684,0.0442867,0.088555
0.079,0.0442684,0.0442867,0.088555
0.0791667,0.0442684,0.0442866,0.088555
0.0793333,0.0442684,0.0442866,0.088555
0.0795,0.0442685,0.0442866,0.088555
0.0796667,0.0442685,0.0442865,0.088555
0.0798333,0.0442686,0.0442865,0.088555
0.08,0.0442686,0.0442864,0.088555
0.0801667,0.0442687,0.0442863,0.088555
0.0803333,0.0442688,0.0442862,0.088555
0.0805,0.0442689,0.0442861,0.088555
0.0806667,0.0442691,0.044286,0.088555
0.0808333,0.0442693,0.0442858,0.0885551
0.081,0.0442695,0.0442855,0.0885551
0.0811667,0.0442699,0.0442852,0.0885551
0.0813333,0.0442702,0.0442848,0.0885551
0.0815,0.0442707,0.0442843,0.0885551
0.0816667,0.0442713,0.0442838,0.0885551
0.0818333,0.044272,0.044283,0.0885551
0.082,0.0442729,0.0442822,0.0885551
0.0821667,0.044274,0.0442811,0.0885551
0.0823333,0.0442753,0.0442798,0.0885551
0.0825,0.0442769,0.0442782,0.0885551
0.0826667,0.0442788,0.0442763,0.0885551
0.0828333,0.0442811,0.044274,0.0885551
0.083,0.0442839,0.0442712,0.0885551
0.0831667,0.0442873,0.0442678,0.0885551
0.0833333,0.0442914,0.0442637,0.0885551
0.0835,0.0442962,0.0442589,0.0885551
0.0836667,0.044302,0.0442531,0.0885551
0.0838333,0.0443089,0.0442462,0.0885551
0.084,0.0443171,0.044238,0.0885551
0.0841667,0.0443269,0.0442283,0.0885552
0.0843333,0.0443384,0.0442168,0.0885552
0.0845,0.0443519,0.0442033,0.0885552
0.0846667,0.0443678,0.0441874,0.0885552
0.0848333,0.0443865,0.0441688,0.0885552
0.085,0.0444083,0.044147,0.0885553
0.0851667,0.0444337,0.0441216,0.0885553
0.0853333,0.0444633,0.044092,0.0885553
0.0855,0.0444976,0.0440577,0.0885554
0.0856667,0.0445373,0.0440181,0.0885554
0.0858333,0.0445831,0.0439724,0.0885555
0.086,0.0446357,0.0439199,0.0885555
0.0861667,0.044696,0.0438596,0.0885556
0.0863333,0.044765,0.0437907,0.0885557
0.0865,0.0448437,0.0437121,0.0885557
0.0866667,0.0449331,0.0436227,0.0885558
0.0868333,0.0450344,0.0435215,0.0885559
0.087,0.0451489,0.043407,0.088556
0.0871667,0.045278,0.0432781,0.088556
0.0873333,0.0454229,0.0431332,0.0885561
0.0875,0.0455852,0.042971,0.0885562
0.0876667,0.0457663,0.04279,0.0885563
0.0878333,0.0459678,0.0425886,0.0885564
0.088,0.0461913,0.0423652,0.0885565
0.0881667,0.0464383,0.0421183,0.0885566
0.0883333,0.0467104,0.0418463,0.0885567
0.0885,0.0470092,0.0415476,0.0885568
0.0886667,0.047336,0.0412209,0.0885569
0.0888333,0.0476922,0.0408648,0.088557
0.089,0.048079,0.040478,0.088557
0.0891667,0.0484975,0.0400595,0.0885571
0.0893333,0.0489486,0.0396085,0.0885571
0.0895,0.0494327,0.0391244,0.0885571
0.0896667,0.0499502,0.0386069,0.0885571
0.0898333,0.050501,0.0380561,0.0885571
0.09,0.0510846,0.0374724,0.088557
0.0901667,0.0517002,0.0368568,0.088557
0.0903333,0.0523462,0.0362107,0.0885568
0.0905,0.0530207,0.035536,0.0885567
0.0906667,0.0537212,0.0348353,0.0885565
0.0908333,0.0544444,0.0341118,0.0885562
0.091,0.0551866,0.0333693,0.088556
0.0911667,0.0559431,0.0326125,0.0885556
0.0913333,0.0567088,0.0318465,0.0885552
0.0915,0.0574774,0.0310774,0.0885548
0.0916667,0.0582424,0.0303119,0.0885544
0.0918333,0.0589962,0.0295576,0.0885538
0.092,0.0597306,0.0288227,0.0885533
0.0921667,0.0604367,0.028116,0.0885527
0.0923333,0.061105,0.027447,0.0885521
0.0925,0.0617255,0.0268259,0.0885514
0.0926667,0.0622874,0.0262633,0.0885507
0.0928333,0.06278,0.02577,0.08855
0.093,0.0631919,0.0253574,0.0885493
0.0931667,0.0635117,0.0250368,0.0885486
0.0933333,0.0637282,0.0248197,0.0885479
0.0935,0.0638299,0.0247173,0.0885472
0.0936667,0.063806,0.0247406,0.0885465
0.0938333,0.063646,0.0248999,0.0885459
0.094,0.0633402,0.0252052,0.0885454
0.0941667,0.0628797,0.0256652,0.0885449
0.0943333,0.0622566,0.0262879,0.0885445
0.0945,0.0614644,0.0270798,0.0885441
0.0946667,0.0604978,0.0280461,0.0885439
0.0948333,0.0593535,0.0291903,0.0885438
0.095,0.0580295,0.0305143,0.0885438
0.0951667,0.0565262,0.0320178,0.088544
0.0953333,0.0548456,0.0336987,0.0885442
0.0955,0.0529921,0.0355526,0.0885446
0.0956667,0.0509723,0.0375729,0.0885452
0.0958333,0.048795,0.0397509,0.0885459
0.096,0.0464713,0.0420754,0.0885467
0.0961667,0.0440146,0.044533,0.0885477
0.0963333,0.0414405,0.0471083,0.0885488
0.0965,0.0387665,0.0497835,0.08855
0.0966667,0.0360123,0.052539,0.0885514
0.0968333,0.0331992,0.0553536,0.0885528
0.097,0.0303501,0.0582042,0.0885543
0.0971667,0.0274893,0.0610666,0.0885559
0.0973333,0.0246419,0.0639156,0.0885575
0.0975,0.0218341,0.066725,0.0885592
0.0976667,0.0190923,0.0694685,0.0885608
0.0978333,0.016443,0.0721195,0.0885625
0.098,0.0139124,0.0746517,0.0885641
0.0981667,0.0115261,0.0770396,0.0885656
0.0983333,0.00930862,0.0792584,0.0885671
0.0985,0.00728333,0.0812851,0.0885684
0.0986667,0.00547172,0.0830979,0.0885696
0.0988333,0.00389334,0.0846774,0.0885707
0.099,0.00256542,0.0860062,0.0885716
0.0991667,0.00150264,0.0870697,0.0885724
0.0993333,0.000716872,0.0878561,0.0885729
0.0995,0.000217029,0.0883563,0.0885733
0.0996667,8.89132e-06,0.0885646,0.0885735
0.0998333,9.50303e-05,0.0884784,0.0885734
0.1,0.000474763,0.0880984,0.0885732
0.100167,0.00114416,0.0874286,0.0885727
0.100333,0.00209608,0.086476,0.0885721
0.1005,0.00332033,0.0852509,0.0885713
0.100667,0.00480376,0.0837665,0.0885703
0.100833,0.00653049,0.0820386,0.0885691
0.101,0.00848212,0.0800857,0.0885678
0.101167,0.0106381,0.0779283,0.0885664
0.101333,0.0129758,0.0755891,0.0885649
0.1015,0.0154712,0.0730921,0.0885633
0.101667,0.0180989,0.0704627,0.0885617
0.101833,0.0208327,0.0677273,0.08856
0.102,0.0236459,0.0649125,0.0885583
0.102167,0.0265114,0.0620453,0.0885566
0.102333,0.0294026,0.0591524,0.088555
0.1025,0.0322934,0.05626,0.0885534
0.102667,0.0351585,0.0533934,0.0885519
0.102833,0.0379738,0.0505767,0.0885505
0.103,0.0407167,0.0478325,0.0885492
0.103167,0.0433661,0.0451819,0.088548
0.103333,0.0459031,0.0426438,0.0885469
0.1035,0.0483106,0.0402354,0.088546
0.103667,0.0505739,0.0379713,0.0885452
0.103833,0.0526804,0.0358642,0.0885446
0.104,0.0546199,0.0339242,0.0885441
0.104167,0.0563847,0.0321591,0.0885438
0.104333,0.0579692,0.0305744,0.0885436
0.1045,0.0593701,0.0291734,0.0885435
0.104667,0.0605865,0.0279571,0.0885436
0.104833,0.0616192,0.0269245,0.0885437
0.105,0.0624713,0.0260727,0.088544
0.105167,0.0631474,0.025397,0.0885444
0.105333,0.0636538,0.0248911,0.0885449
0.1055,0.0639981,0.0245474,0.0885455
0.105667,0.0641892,0.0243569,0.0885461
0.105833,0.0642369,0.0243099,0.0885467
0.106,0.0641519,0.0243955,0.0885475
0.106167,0.0639455,0.0246027,0.0885482
0.106333,0.0636293,0.0249196,0.0885489
0.1065,0.0632152,0.0253345,0.0885497
0.106667,0.062715,0.0258354,0.0885504
0.106833,0.0621407,0.0264104,0.0885511
0.107,0.0615038,0.027048,0.0885518
0.107167,0.0608155,0.027737,0.0885525
0.107333,0.0600865,0.0284667,0.0885531
0.1075,0.0593269,0.0292268,0.0885537
0.107667,0.0585462,0.0300081,0.0885543
0.107833,0.0577532,0.0308015,0.0885548
0.108,0.056956,0.0315993,0.0885552
0.108167,0.0561616,0.032394,0.0885556
0.108333,0.0553767,0.0331793,0.088556
0.1085,0.0546068,0.0339495,0.0885563
0.108667,0.0538569,0.0346997,0.0885566
0.108833,0.053131,0.0354257,0.0885568
0.109,0.0524327,0.0361242,0.0885569
0.109167,0.0517646,0.0367925,0.0885571
0.109333,0.0511287,0.0374284,0.0885572
0.1095,0.0505267,0.0380305,0.0885572
0.109667,0.0499594,0.0385978,0.0885573
0.109833,0.0494274,0.0391299,0.0885573
0.11,0.0489306,0.0396266,0.0885572
0.110167,0.0484688,0.0400884,0.0885572
0.110333,0.0480413,0.0405159,0.0885571
0.1105,0.0476471,0.04091,0.0885571
0.110667,0.0472851,0.0412719,0.088557
0.110833,0.0469539,0.041603,0.0885569
0.111,0.0466521,0.0419047,0.0885568
0.111167,0.046378,0.0421787,0.0885567
0.111333,0.0461301,0.0424265,0.0885566
0.1115,0.0459066,0.0426499,0.0885565
0.111667,0.0457058,0.0428506,0.0885564
0.111833,0.045526,0.0430302,0.0885563
0.112,0.0453656,0.0431905,0.0885562
0.112167,0.045223,0.043333,0.0885561
0.112333,0.0450966,0.0434593,0.088556
0.1125,0.044985,0.0435709,0.0885559
0.112667,0.0448866,0.0436692,0.0885558
0.112833,0.0448003,0.0437554,0.0885557
0.113,0.0447248,0.0438308,0.0885556
0.113167,0.0446589,0.0438966,0.0885556
0.113333,0.0446017,0.0439539,0.0885555
0.1135,0.044552,0.0440035,0.0885555
0.113667,0.0445091,0.0440463,0.0885554
0.113833,0.0444721,0.0440832,0.0885554
0.114,0.0444404,0.044115,0.0885553
0.114167,0.0444132,0.0441421,0.0885553
0.114333,0.0443899,0.0441653,0.0885553
0.1145,0.0443702,0.0441851,0.0885552
0.114667,0.0443534,0.0442018,0.0885552
0.114833,0.0443392,0.044216,0.0885552
0.115,0.0443272,0.044228,0.0885552
0.115167,0.0443171,0.0442381,0.0885551
0.115333,0.0443086,0.0442465,0.0885551
0.1155,0.0443015,0.0442536,0.0885551
0.115667,0.0442956,0.0442595,0.0885551
0.115833,0.0442907,0.0442644,0.0885551
0.116,0.0442866,0.0442685,0.0885551
0.116167,0.0442832,0.0442719,0.0885551
0.116333,0.0442804,0.0442746,0.0885551
0.1165,0.0442782,0.0442769,0.0885551
0.116667,0.0442763,0.0442788,0.0885551
0.116833,0.0442747,0.0442803,0.0885551
0.117,0.0442735,0.0442816,0.0885551
0.117167,0.0442725,0.0442826,0.0885551
0.117333,0.0442716,0.0442834,0.0885551
0.1175,0.044271,0.0442841,0.0885551
0.117667,0.0442704,0.0442846,0.0885551
0.117833,0.04427,0.0442851,0.0885551
0.118,0.0442696,0.0442854,0.0885551
0.118167,0.0442694,0.0442857,0.0885551
0.118333,0.0442691,0.0442859,0.088555
0.1185,0.044269,0.0442861,0.088555
0.118667,0.0442688,0.0442862,0.088555
0.118833,0.0442687,0.0442863,0.088555
0.119,0.0442686,0.0442864,0.088555
0.119167,0.0442686,0.0442865,0.088555
0.119333,0.0442685,0.0442866,0.088555
0.1195,0.0442685,0.0442866,0.088555
0.119667,0.0442684,0.0442866,0.088555
0.119833,0.0442684,0.0442867,0.088555
0.12,0.0442684,0.0442867,0.088555
0.120167,0.0442684,0.0442867,0.088555
0.120333,0.0442683,0.0442867,0.088555
0.1205,0.0442683,0.0442867,0.088555
0.120667,0.0442683,0.0442867,0.088555
0.120833,0.0442683,0.0442867,0.088555
0.121,0.0442683,0.0442867,0.088555
0.121167,0.0442683,0.0442867,0.088555
0.121333,0.0442683,0.0442867,0.088555
0.1215,0.0442683,0.0442867,0.088555
0.121667,0.0442683,0.0442867,0.088555
0.121833,0.0442683,0.0442867,0.088555
0.122,0.0442683,0.0442867,0.088555
0.122167,0.0442683,0.0442867,0.088555
0.122333,0.0442683,0.0442867,0.088555
0.1225,0.0442683,0.0442867,0.088555
0.122667,0.0442683,0.0442867,0.088555
0.122833,0.0442683,0.0442867,0.088555
0.123,0.0442683,0.0442867,0.088555
0.123167,0.0442683,0.0442867,0.088555
0.123333,0.0442683,0.0442867,0.088555
0.1235,0.0442683,0.0442867,0.088555
0.123667,0.0442683,0.0442867,0.088555
0.123833,0.0442683,0.0442867,0.088555
0.124,0.0442683,0.0442867,0.088555
0.124167,0.0442683,0.0442867,0.088555
0.124333,0.0442683,0.0442867,0.088555
0.1245,0.0442683,0.0442867,0.088555
0.124667,0.0442683,0.0442867,0.088555
0.124833,0.0442683,0.0442867,0.088555
0.125,0.0442683,0.0442867,0.088555
0.125167,0.0442683,0.0442867,0.088555
0.125333,0.0442683,0.0442867,0.088555
0.1255,0.0442683,0.0442867,0.088555
0.125667,0.0442683,0.0442867,0.088555
0.125833,0.0442683,0.0442867,0.088555
0.126,0.0442683,0.0442867,0.088555
0.126167,0.0442683,0.0442867,0.088555
0.126333,0.0442683,0.0442867,0.088555
0.1265,0.0442683,0.0442867,0.088555
0.126667,0.0442683,0.0442867,0.088555
0.126833,0.0442683,0.0442867,0.088555
0.127,0.0442683,0.0442867,0.088555
0.127167,0.0442683,0.0442867,0.088555
0.127333,0.0442683,0.0442867,0.088555
0.1275,0.0442683,0.0442867,0.088555
0.127667,0.0442683,0.0442867,0.088555
0.127833,0.0442683,0.0442867,0.088555
0.128,0.0442683,0.0442867,0.088555
0.128167,0.0442683,0.0442867,0.088555
0.128333,0.0442683,0.0442867,0.088555
0.1285,0.0442684,0.0442867,0.088555
0.128667,0.0442684,0.0442867,0.088555
0.128833,0.0442684,0.0442867,0.088555
0.129,0.0442684,0.0442866,0.088555
0.129167,0.0442684,0.0442866,0.088555
0.129333,0.0442685,0.0442866,0.088555
0.1295,0.0442685,0.0442865,0.088555
0.129667,0.0442686,0.0442865,0.088555
0.129833,0.0442687,0.0442864,0.088555
0.13,0.0442687,0.0442863,0.088555
0.130167,0.0442689,0.0442862,0.088555
0.130333,0.044269,0.0442861,0.088555
0.1305,0.0442692,0.0442859,0.088555
0.130667,0.0442694,0.0442857,0.0885551
0.130833,0.0442697,0.0442854,0.0885551
0.131,0.04427,0.0442851,0.0885551
0.131167,0.0442704,0.0442846,0.0885551
0.131333,0.0442709,0.0442841,0.0885551
0.1315,0.0442715,0.0442835,0.0885551
0.131667,0.0442723,0.0442827,0.0885551
0.131833,0.0442732,0.0442818,0.0885551
0.132,0.0442744,0.0442807,0.0885551
0.132167,0.0442758,0.0442793,0.0885551
0.132333,0.0442774,0.0442776,0.0885551
0.1325,0.0442795,0.0442756,0.0885551
0.132667,0.0442819,0.0442732,0.0885551
0.132833,0.0442849,0.0442702,0.0885551
0.133,0.0442884,0.0442667,0.0885551
0.133167,0.0442926,0.0442625,0.0885551
0.133333,0.0442977,0.0442574,0.0885551
0.1335,0.0443037,0.0442514,0.0885551
0.133667,0.0443108,0.0442443,0.0885551
0.133833,0.0443193,0.0442358,0.0885551
0.134,0.0443294,0.0442258,0.0885552
0.134167,0.0443412,0.044214,0.0885552
0.134333,0.0443551,0.0442001,0.0885552
0.1345,0.0443715,0.0441838,0.0885552
0.134667,0.0443906,0.0441647,0.0885552
0.134833,0.0444129,0.0441424,0.0885553
0.135,0.0444389,0.0441164,0.0885553
0.135167,0.044469,0.0440863,0.0885553
0.135333,0.0445039,0.0440514,0.0885554
0.1355,0.0445443,0.0440112,0.0885554
0.135667,0.0445907,0.0439648,0.0885555
0.135833,0.044644,0.0439115,0.0885555
0.136,0.0447051,0.0438505,0.0885556
0.136167,0.0447748,0.0437809,0.0885557
0.136333,0.0448542,0.0437015,0.0885557
0.1365,0.0449443,0.0436115,0.0885558
0.136667,0.0450464,0.0435095,0.0885559
0.136833,0.0451616,0.0433944,0.0885559
0.137,0.0452912,0.0432648,0.088556
0.137167,0.0454366,0.0431195,0.0885561
0.137333,0.0455993,0.0429569,0.0885562
0.1375,0.0457808,0.0427755,0.0885563
0.137667,0.0459824,0.042574,0.0885564
0.137833,0.0462059,0.0423506,0.0885565
0.138,0.0464526,0.042104,0.0885566
0.138167,0.0467243,0.0418324,0.0885567
0.138333,0.0470222,0.0415345,0.0885568
0.1385,0.047348,0.0412089,0.0885569
0.138667,0.0477028,0.0408542,0.0885569
0.138833,0.0480878,0.0404692,0.088557
0.139,0.0485042,0.0400529,0.0885571
0.139167,0.0489526,0.0396044,0.0885571
0.139333,0.0494338,0.0391233,0.0885571
0.1395,0.0499478,0.0386093,0.0885571
0.139667,0.0504947,0.0380624,0.0885571
0.139833,0.0510739,0.0374831,0.088557
0.14,0.0516846,0.0368723,0.0885569
0.140167,0.0523253,0.0362315,0.0885568
0.140333,0.0529942,0.0355625,0.0885567
0.1405,0.0536886,0.0348678,0.0885565
0.140667,0.0544055,0.0341507,0.0885562
0.140833,0.0551411,0.0334148,0.0885559
0.141,0.0558908,0.0326648,0.0885556
0.141167,0.0566496,0.0319057,0.0885552
0.141333,0.0574114,0.0311435,0.0885548
0.1415,0.0581696,0.0303848,0.0885544
0.141667,0.0589169,0.029637,0.0885539
0.141833,0.0596451,0.0289082,0.0885533
0.142,0.0603456,0.0282071,0.0885527
0.142167,0.0610089,0.0275432,0.0885521
0.142333,0.0616252,0.0269262,0.0885515
0.1425,0.062184,0.0263668,0.0885508
0.142667,0.0626745,0.0258756,0.0885501
0.142833,0.0630855,0.0254639,0.0885494
0.143,0.0634059,0.0251428,0.0885487
0.143167,0.0636244,0.0249236,0.088548
0.143333,0.0637297,0.0248176,0.0885473
0.1435,0.0637112,0.0248355,0.0885466
0.143667,0.0635583,0.0249878,0.088546
0.143833,0.0632613,0.0252841,0.0885455
0.144,0.0628115,0.0257335,0.088545
0.144167,0.0622008,0.0263438,0.0885446
0.144333,0.0614226,0.0271216,0.0885442
0.1445,0.0604718,0.0280722,0.088544
0.144667,0.0593446,0.0291993,0.0885439
0.144833,0.0580391,0.0305048,0.0885439
0.145,0.0565553,0.0319887,0.088544
0.145167,0.054895,0.0336492,0.0885443
0.145333,0.0530625,0.0354822,0.0885447
0.1455,0.0510639,0.0374813,0.0885452
0.145667,0.0489078,0.039638,0.0885459
0.145833,0.046605,0.0419417,0.0885467
0.146,0.0441684,0.0443792,0.0885476
0.146167,0.0416133,0.0469355,0.0885487
0.146333,0.0389569,0.049593,0.0885499
0.1465,0.0362184,0.0523328,0.0885512
0.146667,0.033419,0.0551336,0.0885526
0.146833,0.0305812,0.0579729,0.0885541
0.147,0.0277289,0.0608268,0.0885557
0.147167,0.0248873,0.06367,0.0885573
0.147333,0.0220821,0.0664769,0.088559
0.1475,0.0193396,0.069221,0.0885606
0.147667,0.0166863,0.071876,0.0885623
0.147833,0.0141483,0.0744156,0.0885639
0.148,0.0117512,0.0768142,0.0885654
0.148167,0.00951984,0.079047,0.0885669
0.148333,0.00747746,0.0810908,0.0885682
0.1485,0.00564585,0.0829236,0.0885695
0.148667,0.00404484,0.0845257,0.0885706
0.148833,0.00269195,0.0858796,0.0885715
0.149,0.00160224,0.08697,0.0885723
0.149167,0.000787965,0.0877849,0.0885729
0.149333,0.000258472,0.0883148,0.0885733
0.1495,1.99952e-05,0.0885535,0.0885735
0.149667,7.55743e-05,0.0884979,0.0885734
0.149833,0.000424999,0.0881482,0.0885732
0.15,0.00106481,0.087508,0.0885728
0.150167,0.00198833,0.0865839,0.0885722
0.150333,0.00318578,0.0853856,0.0885714
0.1505,0.00464443,0.083926,0.0885704
0.150667,0.00634875,0.0822205,0.0885693
0.150833,0.00828068,0.0802873,0.088568
0.151,0.0104199,0.0781467,0.0885666
0.151167,0.012744,0.0758211,0.0885651
0.151333,0.0152292,0.0733343,0.0885635
0.1515,0.0178501,0.0707118,0.0885619
0.151667,0.0205805,0.0679797,0.0885602
0.151833,0.0233936,0.0651649,0.0885585
0.152,0.0262625,0.0622943,0.0885568
0.152167,0.0291603,0.0593949,0.0885552
0.152333,0.0320606,0.056493,0.0885536
0.1525,0.0349379,0.0536142,0.0885521
0.152667,0.0377678,0.0507828,0.0885506
0.152833,0.0405275,0.0480218,0.0885493
0.153,0.0431955,0.0453526,0.0885481
0.153167,0.0457525,0.0427945,0.088547
0.153333,0.048181,0.040365,0.0885461
0.1535,0.0504661,0.0380792,0.0885453
0.153667,0.0525946,0.03595,0.0885446
0.153833,0.0545562,0.0339878,0.0885441
0.154,0.0563427,0.032201,0.0885437
0.154167,0.0579482,0.0305953,0.0885435
0.154333,0.0593692,0.0291742,0.0885434
0.1545,0.0606044,0.0279391,0.0885435
0.154667,0.0616546,0.026889,0.0885436
0.154833,0.0625225,0.0260214,0.0885439
0.155,0.0632128,0.0253315,0.0885443
0.155167,0.0637314,0.0248134,0.0885448
0.155333,0.0640862,0.0244592,0.0885453
0.1555,0.0642858,0.0242602,0.088546
0.155667,0.0643401,0.0242065,0.0885466
0.155833,0.06426,0.0242874,0.0885473
0.156,0.0640566,0.0244915,0.0885481
0.156167,0.0637417,0.0248072,0.0885488
0.156333,0.0633273,0.0252223,0.0885496
0.1565,0.0628255,0.0257248,0.0885503
0.156667,0.0622483,0.0263028,0.0885511
0.156833,0.0616073,0.0269445,0.0885518
0.157,0.0609139,0.0276385,0.0885525
0.157167,0.0601791,0.028374,0.0885531
0.157333,0.0594131,0.0291406,0.0885537
0.1575,0.0586255,0.0299288,0.0885543
0.157667,0.0578252,0.0307295,0.0885548
0.157833,0.0570205,0.0315347,0.0885552
0.158,0.0562187,0.0323369,0.0885556
0.158167,0.0554264,0.0331296,0.088556
0.158333,0.0546492,0.0339071,0.0885563
0.1585,0.0538923,0.0346642,0.0885566
0.158667,0.0531598,0.035397,0.0885568
0.158833,0.0524552,0.0361018,0.088557
0.159,0.0517813,0.0367758,0.0885571
0.159167,0.0511401,0.0374171,0.0885572
0.159333,0.0505332,0.038024,0.0885573
0.1595,0.0499616,0.0385957,0.0885573
0.159667,0.0494258,0.0391315,0.0885573
0.159833,0.0489257,0.0396316,0.0885573
0.16,0.0484611,0.0400961,0.0885572
0.160167,0.0480312,0.040526,0.0885572
0.160333,0.0476351,0.040922,0.0885571
0.1605,0.0472716,0.0412854,0.088557
0.160667,0.0469393,0.0416176,0.0885569
0.160833,0.0466367,0.0419201,0.0885568
0.161,0.0463621,0.0421946,0.0885567
0.161167,0.046114,0.0424426,0.0885566
0.161333,0.0458905,0.042666,0.0885565
0.1615,0.0456899,0.0428664,0.0885564
0.161667,0.0455106,0.0430457,0.0885563
0.161833,0.0453507,0.0432055,0.0885562
0.162,0.0452087,0.0433473,0.0885561
0.162167,0.045083,0.0434729,0.088556
0.162333,0.0449722,0.0435837,0.0885559
0.1625,0.0448746,0.0436812,0.0885558
0.162667,0.0447892,0.0437665,0.0885557
0.162833,0.0447145,0.0438412,0.0885556
0.163,0.0446495,0.0439061,0.0885556
0.163167,0.044593,0.0439625,0.0885555
0.163333,0.0445441,0.0440113,0.0885555
0.1635,0.044502,0.0440535,0.0885554
0.163667,0.0444657,0.0440897,0.0885554
0.163833,0.0444346,0.0441207,0.0885553
0.164,0.044408,0.0441473,0.0885553
0.164167,0.0443854,0.0441699,0.0885553
0.164333,0.0443661,0.0441891,0.0885552
0.1645,0.0443498,0.0442054,0.0885552
0.164667,0.044336,0.0442192,0.0885552
0.164833,0.0443244,0.0442307,0.0885552
0.165,0.0443147,0.0442405,0.0885551
0.165167,0.0443065,0.0442486,0.0885551
0.165333,0.0442997,0.0442554,0.0885551
0.1655,0.0442941,0.044261,0.0885551
0.165667,0.0442894,0.0442657,0.0885551
0.165833,0.0442855,0.0442696,0.0885551
0.166,0.0442823,0.0442728,0.0885551
0.166167,0.0442796,0.0442755,0.0885551
0.166333,0.0442775,0.0442776,0.0885551
0.1665,0.0442757,0.0442794,0.0885551
0.166667,0.0442742,0.0442808,0.0885551
0.166833,0.0442731,0.044282,0.0885551
0.167,0.0442721,0.0442829,0.0885551
0.167167,0.0442713,0.0442837,0.0885551
0.167333,0.0442707,0.0442843,0.0885551
0.1675,0.0442702,0.0442848,0.0885551
0.167667,0.0442698,0.0442852,0.0885551
0.167833,0.0442695,0.0442855,0.0885551
0.168,0.0442693,0.0442858,0.0885551
0.168167,0.044269,0.044286,0.088555
0.168333,0.0442689,0.0442862,0.088555
0.1685,0.0442688,0.0442863,0.088555
0.168667,0.0442687,0.0442864,0.088555
0.168833,0.0442686,0.0442865,0.088555
0.169,0.0442685,0.0442865,0.088555
0.169167,0.0442685,0.0442866,0.088555
0.169333,0.0442684,0.0442866,0.088555
0.1695,0.0442684,0.0442866,0.088555
0.169667,0.0442684,0.0442867,0.088555
0.169833,0.0442684,0.0442867,0.088555
0.17,0.0442684,0.0442867,0.088555
0.170167,0.0442683,0.0442867,0.088555
0.170333,0.0442683,0.0442867,0.088555
0.1705,0.0442683,0.0442867,0.088555
0.170667,0.0442683,0.0442867,0.088555
0.170833,0.0442683,0.0442867,0.088555
0.171,0.0442683,0.0442867,0.088555
0.171167,0.0442683,0.0442867,0.088555
0.171333,0.0442683,0.0442867,0.088555
0.1715,0.0442683,0.0442867,0.088555
0.171667,0.0442683,0.0442867,0.088555
0.171833,0.0442683,0.0442867,0.088555
0.172,0.0442683,0.0442867,0.088555
0.172167,0.0442683,0.0442867,0.088555
0.172333,0.0442683,0.0442867,0.088555
0.1725,0.0442683,0.0442867,0.088555
0.172667,0.0442683,0.0442867,0.088555
0.172833,0.0442683,0.0442867,0.088555
0.173,0.0442683,0.0442867,0.088555
0.173167,0.0442683,0.0442867,0.088555
0.173333,0.0442683,0.0442867,0.088555
0.1735,0.0442683,0.0442867,0.088555
0.173667,0.0442683,0.0442867,0.088555
0.173833,0.0442683,0.0442867,0.088555
0.174,0.0442683,0.0442867,0.088555
0.174167,0.0442683,0.0442867,0.088555
0.174333,0.0442683,0.0442867,0.088555
0.1745,0.0442683,0.0442867,0.088555
0.174667,0.0442683,0.0442867,0.088555
0.174833,0.0442683,0.0442867,0.088555
0.175,0.0442683,0.0442867,0.088555
0.175167,0.0442683,0.0442867,0.088555
0.175333,0.0442683,0.0442867,0.088555
0.1755,0.0442683,0.0442867,0.088555
0.175667,0.0442683,0.0442867,0.088555
0.175833,0.0442683,0.0442867,0.088555
0.176,0.0442683,0.0442867,0.088555
0.176167,0.0442683,0.0442867,0.088555
0.176333,0.0442683,0.0442867,0.088555
0.1765,0.0442683,0.0442867,0.088555
0.176667,0.0442683,0.0442867,0.088555
0.176833,0.0442683,0.0442867,0.088555
0.177,0.0442683,0.0442867,0.088555
0.177167,0.0442683,0.0442867,0.088555
0.177333,0.0442683,0.0442867,0.088555
0.1775,0.0442683,0.0442867,0.088555
0.177667,0.0442683,0.0442867,0.088555
0.177833,0.0442683,0.0442867,0.088555
0.178,0.0442683,0.0442867,0.088555
0.178167,0.0442684,0.0442867,0.088555
0.178333,0.0442684,0.0442867,0.088555
0.1785,0.0442684,0.0442867,0.088555
0.178667,0.0442684,0.0442866,0.088555
0.178833,0.0442684,0.0442866,0.088555
0.179,0.0442685,0.0442866,0.088555
0.179167,0.0442685,0.0442866,0.088555
0.179333,0.0442685,0.0442865,0.088555
0.1795,0.0442686,0.0442864,0.088555
0.179667,0.0442687,0.0442864,0.088555
0.179833,0.0442688,0.0442863,0.088555
0.18,0.0442689,0.0442861,0.088555
0.180167,0.0442691,0.044286,0.088555
0.180333,0.0442693,0.0442858,0.088555
0.1805,0.0442695,0.0442856,0.0885551
0.180667,0.0442698,0.0442853,0.0885551
0.180833,0.0442701,0.0442849,0.0885551
0.181,0.0442706,0.0442845,0.0885551
0.181167,0.0442711,0.0442839,0.0885551
0.181333,0.0442718,0.0442833,0.0885551
0.1815,0.0442726,0.0442824,0.0885551
0.181667,0.0442736,0.0442815,0.0885551
0.181833,0.0442748,0.0442803,0.0885551
0.182,0.0442763,0.0442788,0.0885551
0.182167,0.044278,0.044277,0.0885551
0.182333,0.0442802,0.0442749,0.0885551
0.1825,0.0442827,0.0442724,0.0885551
0.182667,0.0442858,0.0442693,0.0885551
0.182833,0.0442895,0.0442656,0.0885551
0.183,0.0442939,0.0442612,0.0885551
0.183167,0.0442991,0.044256,0.0885551
0.183333,0.0443054,0.0442497,0.0885551
0.1835,0.0443128,0.0442424,0.0885551
0.183667,0.0443215,0.0442336,0.0885551
0.183833,0.0443319,0.0442233,0.0885552
0.184,0.0443441,0.0442111,0.0885552
0.184167,0.0443584,0.0441968,0.0885552
0.184333,0.0443751,0.0441801,0.0885552
0.1845,0.0443947,0.0441606,0.0885552
0.184667,0.0444175,0.0441378,0.0885553
0.184833,0.044444,0.0441113,0.0885553
0.185,0.0444747,0.0440806,0.0885553
0.185167,0.0445102,0.0440452,0.0885554
0.185333,0.0445512,0.0440043,0.0885554
0.1855,0.0445983,0.0439572,0.0885555
0.185667,0.0446523,0.0439033,0.0885555
0.185833,0.044714,0.0438416,0.0885556
0.186,0.0447845,0.0437712,0.0885557
0.186167,0.0448646,0.0436911,0.0885557
0.186333,0.0449554,0.0436004,0.0885558
0.1865,0.0450582,0.0434977,0.0885559
0.186667,0.045174,0.043382,0.0885559
0.186833,0.0453042,0.0432518,0.088556
0.187,0.0454502,0.043106,0.0885561
0.187167,0.0456133,0.0429429,0.0885562
0.187333,0.045795,0.0427613,0.0885563
0.1875,0.0459968,0.0425596,0.0885564
0.187667,0.0462202,0.0423363,0.0885565
0.187833,0.0464667,0.0420899,0.0885566
0.188,0.0467378,0.0418189,0.0885567
0.188167,0.047035,0.0415218,0.0885568
0.188333,0.0473597,0.0411972,0.0885568
0.1885,0.0477131,0.0408438,0.0885569
0.188667,0.0480964,0.0404606,0.088557
0.188833,0.0485106,0.0400464,0.088557
0.189,0.0489566,0.0396005,0.0885571
0.189167,0.0494347,0.0391224,0.0885571
0.189333,0.0499453,0.0386117,0.0885571
0.1895,0.0504884,0.0380687,0.088557
0.189667,0.0510633,0.0374937,0.088557
0.189833,0.0516693,0.0368876,0.0885569
0.19,0.0523048,0.036252,0.0885568
0.190167,0.0529681,0.0355885,0.0885566
0.190333,0.0536566,0.0348998,0.0885564
0.1905,0.0543673,0.0341889,0.0885562
0.190667,0.0550963,0.0334596,0.0885559
0.190833,0.0558394,0.0327162,0.0885556
0.191,0.0565913,0.0319639,0.0885552
0.191167,0.0573464,0.0312085,0.0885548
0.191333,0.0580979,0.0304565,0.0885544
0.1915,0.0588388,0.0297151,0.0885539
0.191667,0.0595609,0.0289924,0.0885533
0.191833,0.0602559,0.0282969,0.0885528
0.192,0.0609143,0.0276379,0.0885522
0.192167,0.0615264,0.0270252,0.0885515
0.192333,0.0620819,0.0264689,0.0885508
0.1925,0.0625702,0.0259799,0.0885502
0.192667,0.0629803,0.0255691,0.0885495
0.192833,0.0633011,0.0252476,0.0885488
0.193,0.0635215,0.0250266,0.0885481
0.193167,0.0636303,0.0249171,0.0885474
0.193333,0.0636168,0.0249299,0.0885468
0.1935,0.0634708,0.0250754,0.0885461
0.193667,0.0631824,0.0253632,0.0885456
0.193833,0.0627429,0.0258022,0.0885451
0.194,0.0621443,0.0264004,0.0885447
0.194167,0.0613799,0.0271645,0.0885443
0.194333,0.0604444,0.0280997,0.0885441
0.1945,0.059334,0.0292099,0.088544
0.194667,0.0580467,0.0304973,0.088544
0.194833,0.056582,0.031962,0.0885441
0.195,0.0549419,0.0336024,0.0885443
0.195167,0.0531301,0.0354146,0.0885447
0.195333,0.0511525,0.0373927,0.0885452
0.1955,0.0490175,0.0395284,0.0885458
0.195667,0.0467353,0.0418113,0.0885466
0.195833,0.0443188,0.0442288,0.0885476
0.196,0.0417827,0.0467659,0.0885486
0.196167,0.039144,0.0494058,0.0885498
0.196333,0.0364216,0.0521295,0.0885511
0.1965,0.0336361,0.0549164,0.0885525
0.196667,0.0308098,0.0577441,0.088554
0.196833,0.0279666,0.0605889,0.0885555
0.197,0.0251311,0.0634261,0.0885571
0.197167,0.0223289,0.0662298,0.0885588
0.197333,0.0195863,0.0689741,0.0885604
0.1975,0.0169295,0.0716326,0.0885621
0.197667,0.0143847,0.074179,0.0885637
0.197833,0.0119775,0.0765877,0.0885652
0.198,0.00973266,0.078834,0.0885667
0.198167,0.00767372,0.0808943,0.0885681
0.198333,0.00582264,0.0827467,0.0885693
0.1985,0.00419944,0.084371,0.0885704
0.198667,0.002822,0.0857494,0.0885714
0.198833,0.0017057,0.0868665,0.0885722
0.199,0.000863187,0.0877096,0.0885728
0.199167,0.000304233,0.088269,0.0885732
0.199333,3.55215e-05,0.0885379,0.0885734
0.1995,6.05571e-05,0.0885129,0.0885734
0.199667,0.000379603,0.0881937,0.0885733
0.199833,0.000989666,0.0875832,0.0885729
0.2,0.00188454,0.0866878,0.0885723
0.200167,0.00305487,0.0855166,0.0885715
0.200333,0.00448835,0.0840822,0.0885706
0.2005,0.00616981,0.0823996,0.0885695
0.200667,0.00808153,0.0804867,0.0885682
0.200833,0.0102034,0.0783634,0.0885668
0.201,0.0125135,0.0760519,0.0885653
0.201167,0.0149878,0.0735759,0.0885638
0.201333,0.0176013,0.0709608,0.0885621
0.2015,0.0203277,0.0682327,0.0885604
0.201667,0.0231404,0.0654184,0.0885587
0.201833,0.0260121,0.062545,0.088557
0.202,0.0289159,0.0596395,0.0885554
0.202167,0.0318252,0.0567285,0.0885538
0.202333,0.0347144,0.0538378,0.0885522
0.2025,0.0375588,0.050992,0.0885508
0.202667,0.040335,0.0482145,0.0885494
0.202833,0.0430214,0.0455268,0.0885482
0.203,0.0455983,0.0429487,0.0885471
0.203167,0.048048,0.0404981,0.0885461
0.203333,0.0503548,0.0381904,0.0885453
0.2035,0.0525056,0.036039,0.0885446
0.203667,0.0544895,0.0340546,0.0885441
0.203833,0.0562979,0.0322458,0.0885437
0.204,0.0579247,0.0306188,0.0885434
0.204167,0.0593661,0.0291773,0.0885433
0.204333,0.0606205,0.0279229,0.0885434
0.2045,0.0616885,0.0268551,0.0885435
0.204667,0.0625726,0.0259712,0.0885438
0.204833,0.0632774,0.0252668,0.0885442
0.205,0.0638087,0.024736,0.0885447
0.205167,0.0641742,0.024371,0.0885452
0.205333,0.0643826,0.0241632,0.0885458
0.2055,0.0644439,0.0241026,0.0885465
0.205667,0.0643688,0.0241784,0.0885472
0.205833,0.0641686,0.0243794,0.088548
0.206,0.0638552,0.0246935,0.0885487
0.206167,0.0634408,0.0251087,0.0885495
0.206333,0.0629374,0.0256129,0.0885503
0.2065,0.0623573,0.0261937,0.088551
0.206667,0.0617123,0.0268394,0.0885517
0.206833,0.0610139,0.0275385,0.0885524
0.207,0.0602732,0.0282798,0.0885531
0.207167,0.0595007,0.029053,0.0885537
0.207333,0.0587061,0.0298481,0.0885542
0.2075,0.0578985,0.0306562,0.0885548
0.207667,0.0570863,0.031469,0.0885552
0.207833,0.0562769,0.0322788,0.0885556
0.208,0.055477,0.0330791,0.088556
0.208167,0.0546925,0.0338639,0.0885563
0.208333,0.0539284,0.0346282,0.0885566
0.2085,0.0531891,0.0353677,0.0885568
0.208667,0.0524781,0.0360789,0.088557
0.208833,0.0517982,0.0367589,0.0885571
0.209,0.0511516,0.0374056,0.0885572
0.209167,0.0505398,0.0380175,0.0885573
0.209333,0.0499638,0.0385935,0.0885573
0.2095,0.0494241,0.0391333,0.0885573
0.209667,0.0489206,0.0396367,0.0885573
0.209833,0.0484531,0.0401041,0.0885573
0.21,0.0480208,0.0405364,0.0885572
0.210167,0.0476228,0.0409343,0.0885571
0.210333,0.0472577,0.0412993,0.088557
0.2105,0.0469243,0.0416326,0.0885569
0.210667,0.0466209,0.0419359,0.0885568
0.210833,0.0463459,0.0422108,0.0885567
0.211,0.0460976,0.042459,0.0885566
0.211167,0.0458741,0.0426824,0.0885565
0.211333,0.0456738,0.0428826,0.0885564
0.2115,0.0454948,0.0430614,0.0885563
0.211667,0.0453355,0.0432206,0.0885562
0.211833,0.0451942,0.0433619,0.0885561
0.212,0.0450693,0.0434867,0.088556
0.212167,0.0449592,0.0435967,0.0885559
0.212333,0.0448625,0.0436933,0.0885558
0.2125,0.0447779,0.0437778,0.0885557
0.212667,0.0447041,0.0438516,0.0885556
0.212833,0.0446399,0.0439157,0.0885556
0.213,0.0445842,0.0439713,0.0885555
0.213167,0.0445362,0.0440193,0.0885555
0.213333,0.0444948,0.0440606,0.0885554
0.2135,0.0444592,0.0440961,0.0885554
0.213667,0.0444288,0.0441265,0.0885553
0.213833,0.0444028,0.0441524,0.0885553
0.214,0.0443808,0.0441745,0.0885553
0.214167,0.0443621,0.0441932,0.0885552
0.214333,0.0443462,0.044209,0.0885552
0.2145,0.0443329,0.0442223,0.0885552
0.214667,0.0443217,0.0442335,0.0885552
0.214833,0.0443123,0.0442428,0.0885551
0.215,0.0443045,0.0442506,0.0885551
0.215167,0.044298,0.0442572,0.0885551
0.215333,0.0442925,0.0442626,0.0885551
0.2155,0.0442881,0.044267,0.0885551
0.215667,0.0442844,0.0442707,0.0885551
0.215833,0.0442813,0.0442738,0.0885551
0.216,0.0442788,0.0442762,0.0885551
0.216167,0.0442768,0.0442783,0.0885551
0.216333,0.0442751,0.0442799,0.0885551
0.2165,0.0442738,0.0442813,0.0885551
0.216667,0.0442727,0.0442824,0.0885551
0.216833,0.0442718,0.0442833,0.0885551
0.217,0.0442711,0.044284,0.0885551
0.217167,0.0442705,0.0442846,0.0885551
0.217333,0.04427,0.044285,0.0885551
0.2175,0.0442697,0.0442854,0.0885551
0.217667,0.0442694,0.0442857,0.0885551
0.217833,0.0442692,0.0442859,0.0885551
0.218,0.044269,0.0442861,0.088555
0.218167,0.0442688,0.0442862,0.088555
0.218333,0.0442687,0.0442863,0.088555
0.2185,0.0442686,0.0442864,0.088555
0.218667,0.0442685,0.0442865,0.088555
0.218833,0.0442685,0.0442866,0.088555
0.219,0.0442685,0.0442866,0.088555
0.219167,0.0442684,0.0442866,0.088555
0.219333,0.0442684,0.0442867,0.088555
0.2195,0.0442684,0.0442867,0.088555
0.219667,0.0442684,0.0442867,0.088555
0.219833,0.0442683,0.0442867,0.088555
0.22,0.0442683,0.0442867,0.088555
0.220167,0.0442683,0.0442867,0.088555
0.220333,0.0442683,0.0442867,0.088555
0.2205,0.0442683,0.0442867,0.088555
0.220667,0.0442683,0.0442867,0.088555
0.220833,0.0442683,0.0442867,0.088555
0.221,0.0442683,0.0442867,0.088555
0.221167,0.0442683,0.0442867,0.088555
0.221333,0.0442683,0.0442867,0.088555
0.2215,0.0442683,0.0442867,0.088555
0.221667,0.0442683,0.0442867,0.088555
0.221833,0.0442683,0.0442867,0.088555
0.222,0.0442683,0.0442867,0.088555
0.222167,0.0442683,0.0442867,0.088555
0.222333,0.0442683,0.0442867,0.088555
0.2225,0.0442683,0.0442867,0.088555
0.222667,0.0442683,0.0442867,0.088555
0.222833,0.0442683,0.0442867,0.088555
0.223,0.0442683,0.0442867,0.088555
0.223167,0.0442683,0.0442867,0.088555
0.223333,0.0442683,0.0442867,0.088555
0.2235,0.0442683,0.0442867,0.088555
0.223667,0.0442683,0.0442867,0.088555
0.223833,0.0442683,0.0442867,0.088555
0.224,0.0442683,0.0442867,0.088555
0.224167,0.0442683,0.0442867,0.088555
0.224333,0.0442683,0.0442867,0.088555
0.2245,0.0442683,0.0442867,0.088555
0.224667,0.0442683,0.0442867,0.088555
0.224833,0.0442683,0.0442867,0.088555
0.225,0.0442683,0.0442867,0.088555
0.225167,0.0442683,0.0442867,0.088555
0.225333,0.0442683,0.0442867,0.088555
0.2255,0.0442683,0.0442867,0.088555
0.225667,0.0442683,0.0442867,0.088555
0.225833,0.0442683,0.0442867,0.088555
0.226,0.0442683,0.0442867,0.088555
0.226167,0.0442683,0.0442867,0.088555
0.226333,0.0442683,0.0442867,0.088555
0.2265,0.0442683,0.0442867,0.088555
0.226667,0.0442683,0.0442867,0.088555
0.226833,0.0442683,0.0442867,0.088555
0.227,0.0442683,0.0442867,0.088555
0.227167,0.0442683,0.0442867,0.088555
0.227333,0.0442683,0.0442867,0.088555
0.2275,0.0442683,0.0442867,0.088555
0.227667,0.0442683,0.0442867,0.088555
0.227833,0.0442683,0.0442867,0.088555
0.228,0.0442684,0.0442867,0.088555
0.228167,0.0442684,0.0442867,0.088555
0.228333,0.0442684,0.0442867,0.088555
0.2285,0.0442684,0.0442866,0.088555
0.228667,0.0442684,0.0442866,0.088555
0.228833,0.0442685,0.0442866,0.088555
0.229,0.0442685,0.0442865,0.088555
0.229167,0.0442686,0.0442865,0.088555
0.229333,0.0442686,0.0442864,0.088555
0.2295,0.0442687,0.0442863,0.088555
0.229667,0.0442688,0.0442862,0.088555
0.229833,0.044269,0.0442861,0.088555
0.23,0.0442691,0.0442859,0.088555
0.230167,0.0442693,0.0442857,0.0885551
0.230333,0.0442696,0.0442855,0.0885551
0.2305,0.0442699,0.0442851,0.0885551
0.230667,0.0442703,0.0442848,0.0885551
0.230833,0.0442708,0.0442843,0.0885551
0.231,0.0442714,0.0442837,0.0885551
0.231167,0.0442721,0.044283,0.0885551
0.231333,0.0442729,0.0442821,0.0885551
0.2315,0.044274,0.0442811,0.0885551
0.231667,0.0442752,0.0442798,0.0885551
0.231833,0.0442768,0.0442783,0.0885551
0.232,0.0442786,0.0442764,0.0885551
0.232167,0.0442809,0.0442742,0.0885551
0.232333,0.0442835,0.0442715,0.0885551
0.2325,0.0442867,0.0442683,0.0885551
0.232667,0.0442906,0.0442645,0.0885551
0.232833,0.0442952,0.0442599,0.0885551
0.233,0.0443006,0.0442545,0.0885551
0.233167,0.0443071,0.044248,0.0885551
0.233333,0.0443147,0.0442404,0.0885551
0.2335,0.0443238,0.0442314,0.0885551
0.233667,0.0443344,0.0442207,0.0885552
0.233833,0.0443469,0.0442082,0.0885552
0.234,0.0443616,0.0441936,0.0885552
0.234167,0.0443788,0.0441765,0.0885552
0.234333,0.0443988,0.0441565,0.0885553
0.2345,0.0444221,0.0441332,0.0885553
0.234667,0.0444491,0.0441062,0.0885553
0.234833,0.0444804,0.044075,0.0885553
0.235,0.0445165,0.0440389,0.0885554
0.235167,0.044558,0.0439974,0.0885554
0.235333,0.0446058,0.0439497,0.0885555
0.2355,0.0446605,0.0438951,0.0885555
0.235667,0.0447229,0.0438327,0.0885556
0.235833,0.0447941,0.0437616,0.0885557
0.236,0.0448749,0.0436808,0.0885557
0.236167,0.0449664,0.0435894,0.0885558
0.236333,0.0450698,0.0434861,0.0885559
0.2365,0.0451862,0.0433697,0.0885559
0.236667,0.045317,0.043239,0.088556
0.236833,0.0454635,0.0430926,0.0885561
0.237,0.045627,0.0429292,0.0885562
0.237167,0.0458089,0.0427474,0.0885563
0.237333,0.0460108,0.0425456,0.0885564
0.2375,0.0462342,0.0423223,0.0885565
0.237667,0.0464804,0.0420762,0.0885566
0.237833,0.0467511,0.0418056,0.0885567
0.238,0.0470475,0.0415093,0.0885567
0.238167,0.0473711,0.0411857,0.0885568
0.238333,0.0477231,0.0408338,0.0885569
0.2385,0.0481047,0.0404522,0.088557
0.238667,0.0485169,0.0400401,0.088557
0.238833,0.0489603,0.0395967,0.088557
0.239,0.0494355,0.0391215,0.0885571
0.239167,0.0499428,0.0386142,0.088557
0.239333,0.0504821,0.0380749,0.088557
0.2395,0.0510528,0.0375042,0.088557
0.239667,0.0516541,0.0369028,0.0885569
0.239833,0.0522846,0.0362722,0.0885568
0.24,0.0529424,0.0356142,0.0885566
0.240167,0.0536251,0.0349313,0.0885564
0.240333,0.0543296,0.0342266,0.0885562
0.2405,0.0550523,0.0335036,0.0885559
0.240667,0.0557888,0.0327668,0.0885556
0.240833,0.0565341,0.0320212,0.0885552
0.241,0.0572824,0.0312724,0.0885548
0.241167,0.0580274,0.030527,0.0885544
0.241333,0.0587619,0.029792,0.0885539
0.2415,0.0594781,0.0290753,0.0885534
0.241667,0.0601674,0.0283854,0.0885528
0.241833,0.0608209,0.0277313,0.0885522
0.242,0.0614289,0.0271227,0.0885516
0.242167,0.0619812,0.0265698,0.0885509
0.242333,0.0624673,0.026083,0.0885502
0.2425,0.0628763,0.0256732,0.0885495
0.242667,0.0631974,0.0253514,0.0885489
0.242833,0.0634195,0.0251287,0.0885482
0.243,0.0635316,0.0250159,0.0885475
0.243167,0.063523,0.0250239,0.0885469
0.243333,0.0633835,0.0251628,0.0885463
0.2435,0.0631034,0.0254423,0.0885457
0.243667,0.0626739,0.0258713,0.0885452
0.243833,0.0620871,0.0264577,0.0885448
0.244,0.0613361,0.0272083,0.0885444
0.244167,0.0604157,0.0281285,0.0885442
0.244333,0.0593218,0.0292222,0.0885441
0.2445,0.0580522,0.0304918,0.088544
0.244667,0.0566065,0.0319376,0.0885441
0.244833,0.0549862,0.0335581,0.0885443
0.245,0.0531948,0.0353498,0.0885447
0.245167,0.0512381,0.0373071,0.0885452
0.245333,0.049124,0.0394219,0.0885458
0.2455,0.0468625,0.0416841,0.0885466
0.245667,0.044466,0.0440815,0.0885475
0.245833,0.0419489,0.0465996,0.0885485
0.246,0.039328,0.0492217,0.0885497
0.246167,0.0366217,0.0519293,0.088551
0.246333,0.0338504,0.054702,0.0885523
0.2465,0.031036,0.0575178,0.0885538
0.246667,0.0282021,0.0603532,0.0885553
0.246833,0.0253731,0.0631838,0.0885569
0.247,0.0225745,0.0659841,0.0885586
0.247167,0.0198322,0.068728,0.0885602
0.247333,0.0171725,0.0713893,0.0885618
0.2475,0.0146214,0.073942,0.0885634
0.247667,0.0122046,0.0763604,0.088565
0.247833,0.00994696,0.0786195,0.0885665
0.248,0.00787201,0.0806959,0.0885679
0.248167,0.00600195,0.0825672,0.0885691
0.248333,0.00435706,0.0842132,0.0885703
0.2485,0.00295549,0.0856158,0.0885713
0.248667,0.00181294,0.0867591,0.0885721
0.248833,0.000942481,0.0876302,0.0885727
0.249,0.000354274,0.0882189,0.0885732
0.249167,5.54514e-05,0.088518,0.0885734
0.249333,4.99799e-05,0.0885235,0.0885735
0.2495,0.000338594,0.0882347,0.0885733
0.249667,0.000918773,0.0876542,0.0885729
0.249833,0.00178477,0.0867876,0.0885724
0.25,0.00292769,0.0856439,0.0885716
0.250167,0.00433561,0.0842351,0.0885707
0.250333,0.00599378,0.0825758,0.0885696
0.2505,0.0078848,0.0806836,0.0885684
0.250667,0.00998889,0.0785781,0.088567
0.250833,0.0122842,0.0762813,0.0885655
0.251,0.0147471,0.0738168,0.088564
0.251167,0.0173526,0.0712097,0.0885623
0.251333,0.0200745,0.0684861,0.0885607
0.2515,0.0228861,0.0656729,0.088559
0.251667,0.0257601,0.0627971,0.0885573
0.251833,0.0286695,0.0598861,0.0885556
0.252,0.0315875,0.0569664,0.088554
0.252167,0.0344882,0.0540642,0.0885524
0.252333,0.0373466,0.0512043,0.0885509
0.2525,0.0401392,0.0484104,0.0885495
0.252667,0.0428439,0.0457044,0.0885483
0.252833,0.0454407,0.0431064,0.0885472
0.253,0.0479114,0.0406347,0.0885462
0.253167,0.0502402,0.0383051,0.0885453
0.253333,0.0524133,0.0361313,0.0885446
0.2535,0.0544196,0.0341245,0.088544
0.253667,0.0562501,0.0322935,0.0885436
0.253833,0.0578985,0.0306449,0.0885434
0.254,0.0593606,0.0291826,0.0885433
0.254167,0.0606346,0.0279087,0.0885433
0.254333,0.0617208,0.0268227,0.0885434
0.2545,0.0626215,0.0259222,0.0885437
0.254667,0.0633411,0.025203,0.0885441
0.254833,0.0638855,0.0246591,0.0885446
0.255,0.0642621,0.024283,0.0885451
0.255167,0.0644797,0.024066,0.0885457
0.255333,0.0645482,0.0239982,0.0885464
0.2555,0.0644784,0.0240687,0.0885471
0.255667,0.0642816,0.0242662,0.0885479
0.255833,0.06397,0.0245787,0.0885486
0.256,0.0635556,0.0249938,0.0885494
0.256167,0.0630508,0.0254994,0.0885502
0.256333,0.0624678,0.0260831,0.0885509
0.2565,0.0618188,0.0267328,0.0885517
0.256667,0.0611155,0.0274369,0.0885524
0.256833,0.0603689,0.0281841,0.088553
0.257,0.0595898,0.0289638,0.0885536
0.257167,0.0587881,0.0297661,0.0885542
0.257333,0.0579731,0.0305816,0.0885547
0.2575,0.0571532,0.031402,0.0885552
0.257667,0.0563361,0.0322196,0.0885557
0.257833,0.0555285,0.0330275,0.088556
0.258,0.0547365,0.0338199,0.0885563
0.258167,0.0539652,0.0345914,0.0885566
0.258333,0.053219,0.0353379,0.0885568
0.2585,0.0525015,0.0360556,0.088557
0.258667,0.0518155,0.0367417,0.0885572
0.258833,0.0511633,0.0373939,0.0885573
0.259,0.0505465,0.0380109,0.0885573
0.259167,0.0499659,0.0385914,0.0885574
0.259333,0.0494222,0.0391351,0.0885574
0.2595,0.0489153,0.039642,0.0885573
0.259667,0.0484449,0.0401124,0.0885573
0.259833,0.0480102,0.0405471,0.0885572
0.26,0.0476101,0.040947,0.0885571
0.260167,0.0472436,0.0413135,0.088557
0.260333,0.046909,0.041648,0.0885569
0.2605,0.0466048,0.0419521,0.0885568
0.260667,0.0463293,0.0422274,0.0885567
0.260833,0.0460808,0.0424758,0.0885566
0.261,0.0458574,0.0426991,0.0885565
0.261167,0.0456573,0.0428991,0.0885564
0.261333,0.0454788,0.0430775,0.0885563
0.2615,0.0453201,0.0432361,0.0885562
0.261667,0.0451794,0.0433766,0.0885561
0.261833,0.0450553,0.0435007,0.088556
0.262,0.044946,0.0436099,0.0885559
0.262167,0.0448502,0.0437056,0.0885558
0.262333,0.0447665,0.0437893,0.0885557
0.2625,0.0446935,0.0438621,0.0885556
0.262667,0.0446302,0.0439254,0.0885556
0.262833,0.0445754,0.0439801,0.0885555
0.263,0.0445282,0.0440273,0.0885555
0.263167,0.0444875,0.0440679,0.0885554
0.263333,0.0444527,0.0441026,0.0885554
0.2635,0.044423,0.0441323,0.0885553
0.263667,0.0443977,0.0441576,0.0885553
0.263833,0.0443762,0.0441791,0.0885553
0.264,0.044358,0.0441972,0.0885552
0.264167,0.0443427,0.0442125,0.0885552
0.264333,0.0443298,0.0442254,0.0885552
0.2645,0.044319,0.0442362,0.0885552
0.264667,0.04431,0.0442452,0.0885551
0.264833,0.0443025,0.0442527,0.0885551
0.265,0.0442962,0.0442589,0.0885551
0.265167,0.044291,0.0442641,0.0885551
0.265333,0.0442868,0.0442683,0.0885551
0.2655,0.0442833,0.0442718,0.0885551
0.265667,0.0442804,0.0442747,0.0885551
0.265833,0.0442781,0.044277,0.0885551
0.266,0.0442761,0.0442789,0.0885551
0.266167,0.0442746,0.0442805,0.0885551
0.266333,0.0442733,0.0442817,0.0885551
0.2665,0.0442723,0.0442828,0.0885551
0.266667,0.0442715,0.0442836,0.0885551
0.266833,0.0442708,0.0442842,0.0885551
0.267,0.0442703,0.0442848,0.0885551
0.267167,0.0442699,0.0442852,0.0885551
0.267333,0.0442695,0.0442855,0.0885551
0.2675,0.0442693,0.0442858,0.0885551
0.267667,0.0442691,0.044286,0.088555
0.267833,0.0442689,0.0442862,0.088555
0.268,0.0442688,0.0442863,0.088555
0.268167,0.0442687,0.0442864,0.088555
0.268333,0.0442686,0.0442865,0.088555
0.2685,0.0442685,0.0442865,0.088555
0.268667,0.0442685,0.0442866,0.088555
0.268833,0.0442684,0.0442866,0.088555
0.269,0.0442684,0.0442866,0.088555
0.269167,0.0442684,0.0442867,0.088555
0.269333,0.0442684,0.0442867,0.088555
0.2695,0.0442683,0.0442867,0.088555
0.269667,0.0442683,0.0442867,0.088555
0.269833,0.0442683,0.0442867,0.088555
0.27,0.0442683,0.0442867,0.088555
0.270167,0.0442683,0.0442867,0.088555
0.270333,0.0442683,0.0442867,0.088555
0.2705,0.0442683,0.0442867,0.088555
0.270667,0.0442683,0.0442867,0.088555
0.270833,0.0442683,0.0442867,0.088555
0.271,0.0442683,0.0442867,0.088555
0.271167,0.0442683,0.0442867,0.088555
0.271333,0.0442683,0.0442867,0.088555
0.2715,0.0442683,0.0442867,0.088555
0.271667,0.0442683,0.0442867,0.088555
0.271833,0.0442683,0.0442867,0.088555
0.272,0.0442683,0.0442867,0.088555
0.272167,0.0442683,0.0442867,0.088555
0.272333,0.0442683,0.0442867,0.088555
0.2725,0.0442683,0.0442867,0.088555
0.272667,0.0442683,0.0442867,0.088555
0.272833,0.0442683,0.0442867,0.088555
0.273,0.0442683,0.0442867,0.088555
0.273167,0.0442683,0.0442867,0.088555
0.273333,0.0442683,0.0442867,0.088555
0.2735,0.0442683,0.0442867,0.088555
0.273667,0.0442683,0.0442867,0.088555
0.273833,0.0442683,0.0442867,0.088555
0.274,0.0442683,0.0442867,0.088555
0.274167,0.0442683,0.0442867,0.088555
0.274333,0.0442683,0.0442867,0.088555
0.2745,0.0442683,0.0442867,0.088555
0.274667,0.0442683,0.0442867,0.088555
0.274833,0.0442683,0.0442867,0.088555
0.275,0.0442683,0.0442867,0.088555
0.275167,0.0442683,0.0442867,0.088555
0.275333,0.0442683,0.0442867,0.088555
0.2755,0.0442683,0.0442867,0.088555
0.275667,0.0442683,0.0442867,0.088555
0.275833,0.0442683,0.0442867,0.088555
0.276,0.0442683,0.0442867,0.088555
0.276167,0.0442683,0.0442867,0.088555
0.276333,0.0442683,0.0442867,0.088555
0.2765,0.0442683,0.0442867,0.088555
0.276667,0.0442683,0.0442867,0.088555
0.276833,0.0442683,0.0442867,0.088555
0.277,0.0442683,0.0442867,0.088555
0.277167,0.0442683,0.0442867,0.088555
0.277333,0.0442683,0.0442867,0.088555
0.2775,0.0442683,0.0442867,0.088555
0.277667,0.0442684,0.0442867,0.088555
0.277833,0.0442684,0.0442867,0.088555
0.278,0.0442684,0.0442867,0.088555
0.278167,0.0442684,0.0442866,0.088555
0.278333,0.0442684,0.0442866,0.088555
0.2785,0.0442685,0.0442866,0.088555
0.278667,0.0442685,0.0442866,0.088555
0.278833,0.0442685,0.0442865,0.088555
0.279,0.0442686,0.0442864,0.088555
0.279167,0.0442687,0.0442864,0.088555
0.279333,0.0442688,0.0442863,0.088555
0.2795,0.0442689,0.0442862,0.088555
0.279667,0.044269,0.044286,0.088555
0.279833,0.0442692,0.0442858,0.088555
0.28,0.0442694,0.0442856,0.0885551
0.280167,0.0442697,0.0442853,0.0885551
0.280333,0.04427,0.044285,0.0885551
0.2805,0.0442705,0.0442846,0.0885551
0.280667,0.044271,0.0442841,0.0885551
0.280833,0.0442716,0.0442835,0.0885551
0.281,0.0442723,0.0442827,0.0885551
0.281167,0.0442732,0.0442818,0.0885551
0.281333,0.0442743,0.0442807,0.0885551
0.2815,0.0442757,0.0442794,0.0885551
0.281667,0.0442773,0.0442778,0.0885551
0.281833,0.0442792,0.0442758,0.0885551
0.282,0.0442816,0.0442735,0.0885551
0.282167,0.0442844,0.0442707,0.0885551
0.282333,0.0442877,0.0442674,0.0885551
0.2825,0.0442917,0.0442634,0.0885551
0.282667,0.0442965,0.0442586,0.0885551
0.282833,0.0443021,0.044253,0.0885551
0.283,0.0443088,0.0442463,0.0885551
0.283167,0.0443167,0.0442384,0.0885551
0.283333,0.044326,0.0442291,0.0885551
0.2835,0.044337,0.0442182,0.0885552
0.283667,0.0443498,0.0442054,0.0885552
0.283833,0.0443649,0.0441903,0.0885552
0.284,0.0443824,0.0441728,0.0885552
0.284167,0.0444029,0.0441524,0.0885553
0.284333,0.0444266,0.0441286,0.0885553
0.2845,0.0444542,0.0441011,0.0885553
0.284667,0.044486,0.0440693,0.0885554
0.284833,0.0445227,0.0440327,0.0885554
0.285,0.0445649,0.0439906,0.0885554
0.285167,0.0446133,0.0439422,0.0885555
0.285333,0.0446686,0.0438869,0.0885555
0.2855,0.0447317,0.0438239,0.0885556
0.285667,0.0448036,0.0437521,0.0885557
0.285833,0.044885,0.0436707,0.0885557
0.286,0.0449772,0.0435785,0.0885558
0.286167,0.0450813,0.0434746,0.0885559
0.286333,0.0451983,0.0433576,0.0885559
0.2865,0.0453297,0.0432264,0.088556
0.286667,0.0454766,0.0430795,0.0885561
0.286833,0.0456404,0.0429158,0.0885562
0.287,0.0458226,0.0427337,0.0885563
0.287167,0.0460246,0.0425317,0.0885564
0.287333,0.0462479,0.0423086,0.0885565
0.2875,0.0464939,0.0420627,0.0885566
0.287667,0.046764,0.0417926,0.0885566
0.287833,0.0470597,0.041497,0.0885567
0.288,0.0473823,0.0411745,0.0885568
0.288167,0.047733,0.0408239,0.0885569
0.288333,0.0481129,0.0404441,0.0885569
0.2885,0.0485229,0.0400341,0.088557
0.288667,0.0489639,0.0395931,0.088557
0.288833,0.0494363,0.0391207,0.088557
0.289,0.0499403,0.0386167,0.088557
0.289167,0.0504758,0.0380812,0.088557
0.289333,0.0510424,0.0375145,0.0885569
0.2895,0.0516391,0.0369177,0.0885569
0.289667,0.0522646,0.0362921,0.0885567
0.289833,0.0529171,0.0356395,0.0885566
0.29,0.0535941,0.0349623,0.0885564
0.290167,0.0542926,0.0342636,0.0885562
0.290333,0.055009,0.0335469,0.0885559
0.2905,0.055739,0.0328166,0.0885556
0.290667,0.0564777,0.0320775,0.0885552
0.290833,0.0572195,0.0313353,0.0885548
0.291,0.057958,0.0305964,0.0885544
0.291167,0.0586862,0.0298677,0.0885539
0.291333,0.0593965,0.0291569,0.0885534
0.2915,0.0600804,0.0284725,0.0885528
0.291667,0.0607289,0.0278233,0.0885523
0.291833,0.0613327,0.0272189,0.0885516
0.292,0.0618817,0.0266693,0.088551
0.292167,0.0623656,0.0261848,0.0885503
0.292333,0.0627735,0.0257761,0.0885496
0.2925,0.0630948,0.0254542,0.0885489
0.292667,0.0633184,0.0252299,0.0885483
0.292833,0.0634335,0.0251141,0.0885476
0.293,0.0634296,0.0251173,0.088547
0.293167,0.0632965,0.0252499,0.0885464
0.293333,0.0630244,0.0255214,0.0885458
0.2935,0.0626047,0.0259406,0.0885453
0.293667,0.0620293,0.0265156,0.0885449
0.293833,0.0612915,0.0272531,0.0885445
0.294,0.0603857,0.0281586,0.0885443
0.294167,0.059308,0.0292361,0.0885441
0.294333,0.0580559,0.0304882,0.0885441
0.2945,0.0566288,0.0319154,0.0885442
0.294667,0.0550281,0.0335163,0.0885444
0.294833,0.0532569,0.0352878,0.0885447
0.295,0.0513208,0.0372244,0.0885452
0.295167,0.0492274,0.0393184,0.0885458
0.295333,0.0469864,0.0415602,0.0885466
0.2955,0.0446099,0.0439376,0.0885474
0.295667,0.0421119,0.0464365,0.0885485
0.295833,0.0395088,0.0490408,0.0885496
0.296,0.0368188,0.051732,0.0885509
0.296167,0.0340619,0.0544903,0.0885522
0.296333,0.0312597,0.0572939,0.0885537
0.2965,0.0284355,0.0601197,0.0885552
0.296667,0.0256134,0.0629433,0.0885568
0.296833,0.0228188,0.0657396,0.0885584
0.297,0.0200773,0.0684827,0.08856
0.297167,0.0174152,0.0711464,0.0885616
0.297333,0.0148584,0.0737048,0.0885632
0.2975,0.0124326,0.0761322,0.0885648
0.297667,0.0101626,0.0784037,0.0885663
0.297833,0.00807222,0.0804955,0.0885677
0.298,0.0061837,0.0823853,0.088569
0.298167,0.00451759,0.0840525,0.0885701
0.298333,0.00309231,0.0854788,0.0885711
0.2985,0.0019239,0.0866481,0.088572
0.298667,0.00102579,0.0875468,0.0885726
0.298833,0.000408552,0.0881645,0.0885731
0.299,7.97604e-05,0.0884936,0.0885734
0.299167,4.38383e-05,0.0885296,0.0885735
0.299333,0.000301989,0.0882713,0.0885733
0.2995,0.000852165,0.0877208,0.088573
0.299667,0.00168908,0.0868834,0.0885725
0.299833,0.0028043,0.0857674,0.0885717
0.3,0.00418631,0.0843845,0.0885708
0.300167,0.00582076,0.082749,0.0885698
0.300333,0.00769059,0.080878,0.0885686
0.3005,0.00977634,0.0787909,0.0885672
0.300667,0.0120564,0.0765093,0.0885657
0.300833,0.0145073,0.0740568,0.0885642
0.301,0.0171042,0.0714583,0.0885625
0.301167,0.019821,0.0687398,0.0885609
0.301333,0.022631,0.0659282,0.0885592
0.3015,0.0255068,0.0630507,0.0885575
0.301667,0.0284212,0.0601346,0.0885558
0.301833,0.0313475,0.0572067,0.0885541
0.302,0.0342593,0.0542933,0.0885526
0.302167,0.0371315,0.0514196,0.0885511
0.302333,0.0399401,0.0486095,0.0885497
0.3025,0.042663,0.0458854,0.0885484
0.302667,0.0452796,0.0432677,0.0885472
0.302833,0.0477713,0.0407749,0.0885462
0.303,0.050122,0.0384233,0.0885453
0.303167,0.0523176,0.036227,0.0885446
0.303333,0.0543465,0.0341975,0.088544
0.3035,0.0561995,0.0323442,0.0885436
0.303667,0.0578697,0.0306736,0.0885433
0.303833,0.0593528,0.0291904,0.0885432
0.304,0.0606467,0.0278965,0.0885432
0.304167,0.0617514,0.0267919,0.0885433
0.304333,0.0626691,0.0258745,0.0885436
0.3045,0.063404,0.02514,0.088544
0.304667,0.0639617,0.0245827,0.0885444
0.304833,0.0643498,0.0241952,0.088545
0.305,0.0645769,0.0239687,0.0885456
0.305167,0.064653,0.0238933,0.0885463
0.305333,0.0645887,0.0239583,0.088547
0.3055,0.0643957,0.0241521,0.0885477
0.305667,0.0640859,0.0244626,0.0885485
0.305833,0.0636717,0.0248776,0.0885493
0.306,0.0631656,0.0253845,0.0885501
0.306167,0.06258,0.0259709,0.0885508
0.306333,0.061927,0.0266246,0.0885516
0.3065,0.0612186,0.0273337,0.0885523
0.306667,0.0604662,0.0280868,0.088553
0.306833,0.0596805,0.0288731,0.0885536
0.307,0.0588717,0.0296825,0.0885542
0.307167,0.0580491,0.0305056,0.0885547
0.307333,0.0572214,0.0313338,0.0885552
0.3075,0.0563964,0.0321592,0.0885557
0.307667,0.055581,0.032975,0.088556
0.307833,0.0547814,0.033775,0.0885564
0.308,0.0540027,0.034554,0.0885566
0.308167,0.0532494,0.0353075,0.0885569
0.308333,0.0525252,0.0360318,0.0885571
0.3085,0.0518331,0.0367241,0.0885572
0.308667,0.0511752,0.0373821,0.0885573
0.308833,0.0505532,0.0380042,0.0885574
0.309,0.0499681,0.0385893,0.0885574
0.309167,0.0494203,0.0391371,0.0885574
0.309333,0.0489099,0.0396475,0.0885574
0.3095,0.0484364,0.0401209,0.0885573
0.309667,0.0479992,0.040558,0.0885572
0.309833,0.0475972,0.04096,0.0885572
0.31,0.047229,0.041328,0.0885571
0.310167,0.0468933,0.0416637,0.088557
0.310333,0.0465883,0.0419686,0.0885569
0.3105,0.0463124,0.0422444,0.0885567
0.310667,0.0460637,0.042493,0.0885566
0.310833,0.0458403,0.0427162,0.0885565
0.311,0.0456406,0.0429159,0.0885564
0.311167,0.0454625,0.0430938,0.0885563
0.311333,0.0453044,0.0432518,0.0885562
0.3115,0.0451644,0.0433916,0.0885561
0.311667,0.0450411,0.0435149,0.088556
0.311833,0.0449327,0.0436232,0.0885559
0.312,0.0448377,0.0437181,0.0885558
0.312167,0.0447549,0.0438008,0.0885557
0.312333,0.0446829,0.0438728,0.0885556
0.3125,0.0446204,0.0439351,0.0885556
0.312667,0.0445665,0.043989,0.0885555
0.312833,0.0445201,0.0440354,0.0885555
0.313,0.0444803,0.0440751,0.0885554
0.313167,0.0444462,0.0441091,0.0885554
0.313333,0.0444172,0.0441381,0.0885553
0.3135,0.0443925,0.0441628,0.0885553
0.313667,0.0443716,0.0441836,0.0885553
0.313833,0.044354,0.0442012,0.0885552
0.314,0.0443392,0.044216,0.0885552
0.314167,0.0443267,0.0442285,0.0885552
0.314333,0.0443163,0.0442388,0.0885552
0.3145,0.0443077,0.0442475,0.0885551
0.314667,0.0443005,0.0442547,0.0885551
0.314833,0.0442945,0.0442606,0.0885551
0.315,0.0442896,0.0442655,0.0885551
0.315167,0.0442855,0.0442696,0.0885551
0.315333,0.0442822,0.0442729,0.0885551
0.3155,0.0442795,0.0442756,0.0885551
0.315667,0.0442773,0.0442778,0.0885551
0.315833,0.0442755,0.0442796,0.0885551
0.316,0.044274,0.044281,0.0885551
0.316167,0.0442729,0.0442822,0.0885551
0.316333,0.0442719,0.0442831,0.0885551
0.3165,0.0442712,0.0442839,0.0885551
0.316667,0.0442706,0.0442845,0.0885551
0.316833,0.0442701,0.044285,0.0885551
0.317,0.0442697,0.0442854,0.0885551
0.317167,0.0442694,0.0442857,0.0885551
0.317333,0.0442692,0.0442859,0.0885551
0.3175,0.044269,0.0442861,0.088555
0.317667,0.0442688,0.0442862,0.088555
0.317833,0.0442687,0.0442863,0.088555
0.318,0.0442686,0.0442864,0.088555
0.318167,0.0442685,0.0442865,0.088555
0.318333,0.0442685,0.0442866,0.088555
0.3185,0.0442684,0.0442866,0.088555
0.318667,0.0442684,0.0442866,0.088555
0.318833,0.0442684,0.0442867,0.088555
0.319,0.0442684,0.0442867,0.088555
0.319167,0.0442684,0.0442867,0.088555
0.319333,0.0442683,0.0442867,0.088555
0.3195,0.0442683,0.0442867,0.088555
0.319667,0.0442683,0.0442867,0.088555
0.319833,0.0442683,0.0442867,0.088555
0.32,0.0442683,0.0442867,0.088555
0.320167,0.0442683,0.0442867,0.088555
0.320333,0.0442683,0.0442867,0.088555
0.3205,0.0442683,0.0442867,0.088555
0.320667,0.0442683,0.0442867,0.088555
0.320833,0.0442683,0.0442867,0.088555
0.321,0.0442683,0.0442867,0.088555
0.321167,0.0442683,0.0442867,0.088555
0.321333,0.0442683,0.0442867,0.088555
0.3215,0.0442683,0.0442867,0.088555
0.321667,0.0442683,0.0442867,0.088555
0.321833,0.0442683,0.0442867,0.088555
0.322,0.0442683,0.0442867,0.088555
0.322167,0.0442683,0.0442867,0.088555
0.322333,0.0442683,0.0442867,0.088555
0.3225,0.0442683,0.0442867,0.088555
0.322667,0.0442683,0.0442867,0.088555
0.322833,0.0442683,0.0442867,0.088555
0.323,0.0442683,0.0442867,0.088555
0.323167,0.0442683,0.0442867,0.088555
0.323333,0.0442683,0.0442867,0.088555
0.3235,0.0442683,0.0442867,0.088555
0.323667,0.0442683,0.0442867,0.088555
0.323833,0.0442683,0.0442867,0.088555
0.324,0.0442683,0.0442867,0.088555
0.324167,0.0442683,0.0442867,0.088555
0.324333,0.0442683,0.0442867,0.088555
0.3245,0.0442683,0.0442867,0.088555
0.324667,0.0442683,0.0442867,0.088555
0.324833,0.0442683,0.0442867,0.088555
0.325,0.0442683,0.0442867,0.088555
0.325167,0.0442683,0.0442867,0.088555
0.325333,0.0442683,0.0442867,0.088555
0.3255,0.0442683,0.0442867,0.088555
0.325667,0.0442683,0.0442867,0.088555
0.325833,0.0442683,0.0442867,0.088555
0.326,0.0442683,0.0442867,0.088555
0.326167,0.0442683,0.0442867,0.088555
0.326333,0.0442683,0.0442867,0.088555
0.3265,0.0442683,0.0442867,0.088555
0.326667,0.0442683,0.0442867,0.088555
0.326833,0.0442683,0.0442867,0.088555
0.327,0.0442683,0.0442867,0.088555
0.327167,0.0442683,0.0442867,0.088555
0.327333,0.0442683,0.0442867,0.088555
0.3275,0.0442684,0.0442867,0.088555
0.327667,0.0442684,0.0442867,0.088555
0.327833,0.0442684,0.0442867,0.088555
0.328,0.0442684,0.0442866,0.088555
0.328167,0.0442684,0.0442866,0.088555
0.328333,0.0442685,0.0442866,0.088555
0.3285,0.0442685,0.0442865,0.088555
0.328667,0.0442686,0.0442865,0.088555
0.328833,0.0442686,0.0442864,0.088555
0.329,0.0442687,0.0442863,0.088555
0.329167,0.0442688,0.0442862,0.088555
0.329333,0.0442689,0.0442861,0.088555
0.3295,0.0442691,0.0442859,0.088555
0.329667,0.0442693,0.0442858,0.088555
0.329833,0.0442695,0.0442855,0.0885551
0.33,0.0442698,0.0442852,0.0885551
0.330167,0.0442702,0.0442849,0.0885551
0.330333,0.0442706,0.0442844,0.0885551
0.3305,0.0442712,0.0442839,0.0885551
0.330667,0.0442718,0.0442832,0.0885551
0.330833,0.0442726,0.0442824,0.0885551
0.331,0.0442736,0.0442815,0.0885551
0.331167,0.0442747,0.0442803,0.0885551
0.331333,0.0442761,0.0442789,0.0885551
0.3315,0.0442778,0.0442772,0.0885551
0.331667,0.0442799,0.0442752,0.0885551
0.331833,0.0442823,0.0442728,0.0885551
0.332,0.0442852,0.0442699,0.0885551
0.332167,0.0442887,0.0442664,0.0885551
0.332333,0.0442929,0.0442622,0.0885551
0.3325,0.0442978,0.0442573,0.0885551
0.332667,0.0443036,0.0442515,0.0885551
0.332833,0.0443105,0.0442446,0.0885551
0.333,0.0443187,0.0442365,0.0885551
0.333167,0.0443283,0.0442269,0.0885552
0.333333,0.0443395,0.0442156,0.0885552
